# Single-drop scattering of raindrops, T-matrix (pytmatrix), built by ci/build_dsd_tables.py
# axis ratio Brandes et al. (2002); Gaussian canting, 0 mean, 7 deg std; horizontal incidence; water refractive index Ray (1972)
# diameter: equal-volume diameter [mm]; sigma_h, sigma_v, copol_re, copol_im: backscatter cross sections and copolar correlation terms [mm2]
# kdp [deg km-1], ah, av [dB km-1] per drop per m3
band,wavelength,temperature,diameter,sigma_h,sigma_v,copol_re,copol_im,kdp,ah,av
S,107.0687,0,0.05,3.408529e-14,3.380355e-14,-3.394413e-14,-1.407490e-18,1.322983e-09,4.850421e-10,4.810335e-10
S,107.0687,0,0.1,2.179796e-12,2.166527e-12,-2.173151e-12,-6.630997e-17,7.787313e-09,3.879592e-09,3.855986e-09
S,107.0687,0,0.15,2.481306e-11,2.470657e-11,-2.475975e-11,-5.323386e-16,1.851643e-08,1.309756e-08,1.304140e-08
S,107.0687,0,0.2,1.393402e-10,1.389401e-10,-1.391400e-10,-2.000954e-15,2.935025e-08,3.107063e-08,3.098155e-08
S,107.0687,0,0.25,5.313070e-10,5.303403e-10,-5.308234e-10,-4.836279e-15,3.630792e-08,6.076241e-08,6.065213e-08
S,107.0687,0,0.3,1.585937e-09,1.584149e-09,-1.585043e-09,-8.949183e-15,3.887602e-08,1.051826e-07,1.050644e-07
S,107.0687,0,0.35,3.998179e-09,3.995029e-09,-3.996604e-09,-1.577551e-14,4.313295e-08,1.674010e-07,1.672698e-07
S,107.0687,0,0.4,8.907399e-09,8.900338e-09,-8.903868e-09,-3.536773e-14,6.478515e-08,2.505619e-07,2.503646e-07
S,107.0687,0,0.45,1.805690e-08,1.803643e-08,-1.804666e-08,-1.026100e-13,1.319175e-07,3.578982e-07,3.574958e-07
S,107.0687,0,0.5,3.397851e-08,3.391727e-08,-3.394787e-08,-3.071098e-13,2.878406e-07,4.927459e-07,4.918668e-07
S,107.0687,0,0.55,6.020248e-08,6.003448e-08,-6.011842e-08,-8.429586e-13,5.935147e-07,6.585588e-07,6.567433e-07
S,107.0687,0,0.6,1.014931e-07,1.010780e-07,-1.012854e-07,-2.084231e-12,1.130081e-06,8.589234e-07,8.554608e-07
S,107.0687,0,0.65,1.641103e-07,1.631762e-07,-1.636426e-07,-4.693314e-12,2.001166e-06,1.097574e-06,1.091431e-06
S,107.0687,0,0.7,2.560975e-07,2.541542e-07,-2.551240e-07,-9.770990e-12,3.335037e-06,1.378408e-06,1.368151e-06
S,107.0687,0,0.75,3.875964e-07,3.838098e-07,-3.856984e-07,-1.905407e-11,5.286922e-06,1.705502e-06,1.689208e-06
S,107.0687,0,0.8,5.711893e-07,5.642049e-07,-5.676863e-07,-3.517430e-11,8.040606e-06,2.083129e-06,2.058293e-06
S,107.0687,0,0.85,8.222684e-07,8.099718e-07,-8.160969e-07,-6.197998e-11,1.181063e-05,2.515773e-06,2.479205e-06
S,107.0687,0,0.9,1.159434e-06,1.138633e-06,-1.148986e-06,-1.049413e-10,1.684398e-05,3.008148e-06,2.955864e-06
S,107.0687,0,0.95,1.604921e-06,1.570932e-06,-1.587836e-06,-1.716363e-10,2.342170e-05,3.565216e-06,3.492319e-06
S,107.0687,0,1,2.185057e-06,2.131177e-06,-2.157948e-06,-2.723397e-10,3.186066e-05,4.192203e-06,4.092759e-06
S,107.0687,0,1.05,2.930742e-06,2.847592e-06,-2.888867e-06,-4.207266e-10,4.251475e-05,4.894621e-06,4.761522e-06
S,107.0687,0,1.1,3.877973e-06,3.752672e-06,-3.814807e-06,-6.346830e-10,5.577602e-05,5.678286e-06,5.503112e-06
S,107.0687,0,1.15,5.068384e-06,4.883556e-06,-4.975110e-06,-9.372435e-10,7.207791e-05,6.549336e-06,6.322203e-06
S,107.0687,0,1.2,6.549830e-06,6.282391e-06,-6.414714e-06,-1.357716e-09,9.189332e-05,7.514258e-06,7.223659e-06
S,107.0687,0,1.25,8.376994e-06,7.996711e-06,-8.184639e-06,-1.932900e-09,1.157383e-04,8.579905e-06,8.212538e-06
S,107.0687,0,1.3,1.061203e-05,1.007981e-05,-1.034249e-05,-2.708504e-09,1.441728e-04,9.753519e-06,9.294113e-06
S,107.0687,0,1.35,1.332525e-05,1.259112e-05,-1.295297e-05,-3.740738e-09,1.778003e-04,1.104276e-05,1.047388e-05
S,107.0687,0,1.4,1.659583e-05,1.559660e-05,-1.608844e-05,-5.098102e-09,2.172709e-04,1.245571e-05,1.175758e-05
S,107.0687,0,1.45,2.051252e-05,1.916909e-05,-1.982941e-05,-6.863393e-09,2.632783e-04,1.400094e-05,1.315120e-05
S,107.0687,0,1.5,2.517451e-05,2.338872e-05,-2.426515e-05,-9.135771e-09,3.165677e-04,1.568749e-05,1.466100e-05
S,107.0687,0,1.55,3.069216e-05,2.834323e-05,-2.949427e-05,-1.203338e-08,3.779288e-04,1.752494e-05,1.629351e-05
S,107.0687,0,1.6,3.718790e-05,3.412840e-05,-3.562524e-05,-1.569580e-08,4.482009e-04,1.952338e-05,1.805559e-05
S,107.0687,0,1.65,4.479709e-05,4.084834e-05,-4.277707e-05,-2.028703e-08,5.282732e-04,2.169350e-05,1.995437e-05
S,107.0687,0,1.7,5.366900e-05,4.861592e-05,-5.107987e-05,-2.599861e-08,6.190829e-04,2.404661e-05,2.199735e-05
S,107.0687,0,1.75,6.396771e-05,5.755304e-05,-6.067547e-05,-3.305301e-08,7.216205e-04,2.659463e-05,2.419237e-05
S,107.0687,0,1.8,7.587317e-05,6.779105e-05,-7.171808e-05,-4.170730e-08,8.369253e-04,2.935018e-05,2.654760e-05
S,107.0687,0,1.85,8.958219e-05,7.947099e-05,-8.437491e-05,-5.225710e-08,9.660886e-04,3.232656e-05,2.907165e-05
S,107.0687,0,1.9,1.053096e-04,9.274399e-05,-9.882680e-05,-6.504054e-08,1.110254e-03,3.553784e-05,3.177347e-05
S,107.0687,0,1.95,1.232892e-04,1.077716e-04,-1.152689e-04,-8.044301e-08,1.270618e-03,3.899887e-05,3.466248e-05
S,107.0687,0,2,1.437753e-04,1.247259e-04,-1.339115e-04,-9.890223e-08,1.448425e-03,4.272530e-05,3.774850e-05
S,107.0687,0,2.05,1.670433e-04,1.437900e-04,-1.549801e-04,-1.209122e-07,1.644983e-03,4.673368e-05,4.104183e-05
S,107.0687,0,2.1,1.933917e-04,1.651583e-04,-1.787170e-04,-1.470297e-07,1.861638e-03,5.104145e-05,4.455322e-05
S,107.0687,0,2.15,2.231426e-04,1.890368e-04,-2.053813e-04,-1.778791e-07,2.099804e-03,5.566700e-05,4.829394e-05
S,107.0687,0,2.2,2.566438e-04,2.156429e-04,-2.352497e-04,-2.141582e-07,2.360936e-03,6.062972e-05,5.227576e-05
S,107.0687,0,2.25,2.942694e-04,2.452065e-04,-2.686174e-04,-2.566446e-07,2.646555e-03,6.595007e-05,5.651099e-05
S,107.0687,0,2.3,3.364219e-04,2.779692e-04,-3.057988e-04,-3.062020e-07,2.958227e-03,7.164959e-05,6.101249e-05
S,107.0687,0,2.35,3.835331e-04,3.141855e-04,-3.471277e-04,-3.637856e-07,3.297576e-03,7.775100e-05,6.579371e-05
S,107.0687,0,2.4,4.360659e-04,3.541223e-04,-3.929588e-04,-4.304510e-07,3.666277e-03,8.427820e-05,7.086869e-05
S,107.0687,0,2.45,4.945158e-04,3.980595e-04,-4.436678e-04,-5.073583e-07,4.066065e-03,9.125639e-05,7.625210e-05
S,107.0687,0,2.5,5.594122e-04,4.462900e-04,-4.996523e-04,-5.957805e-07,4.498720e-03,9.871208e-05,8.195925e-05
S,107.0687,0,2.55,6.313205e-04,4.991198e-04,-5.613324e-04,-6.971100e-07,4.966086e-03,1.066732e-04,8.800611e-05
S,107.0687,0,2.6,7.108434e-04,5.568684e-04,-6.291518e-04,-8.128647e-07,5.470060e-03,1.151691e-04,9.440936e-05
S,107.0687,0,2.65,7.986223e-04,6.198688e-04,-7.035779e-04,-9.446974e-07,6.012589e-03,1.242307e-04,1.011864e-04
S,107.0687,0,2.7,8.953398e-04,6.884675e-04,-7.851029e-04,-1.094399e-06,6.595676e-03,1.338906e-04,1.083553e-04
S,107.0687,0,2.75,1.001721e-03,7.630250e-04,-8.742445e-04,-1.263909e-06,7.221379e-03,1.441829e-04,1.159350e-04
S,107.0687,0,2.8,1.118534e-03,8.439155e-04,-9.715466e-04,-1.455313e-06,7.891813e-03,1.551435e-04,1.239452e-04
S,107.0687,0,2.85,1.246595e-03,9.315272e-04,-1.077579e-03,-1.670864e-06,8.609139e-03,1.668103e-04,1.324063e-04
S,107.0687,0,2.9,1.386767e-03,1.026263e-03,-1.192941e-03,-1.912972e-06,9.375586e-03,1.792231e-04,1.413398e-04
S,107.0687,0,2.95,1.539963e-03,1.128538e-03,-1.318258e-03,-2.184214e-06,1.019343e-02,1.924235e-04,1.507679e-04
S,107.0687,0,3,1.707148e-03,1.238784e-03,-1.454185e-03,-2.487345e-06,1.106499e-02,2.064554e-04,1.607136e-04
S,107.0687,0,3.05,1.889340e-03,1.357446e-03,-1.601407e-03,-2.825287e-06,1.199267e-02,2.213649e-04,1.712010e-04
S,107.0687,0,3.1,2.087612e-03,1.484983e-03,-1.760638e-03,-3.201141e-06,1.297889e-02,2.372004e-04,1.822551e-04
S,107.0687,0,3.15,2.303097e-03,1.621868e-03,-1.932625e-03,-3.618185e-06,1.402616e-02,2.540128e-04,1.939020e-04
S,107.0687,0,3.2,2.536985e-03,1.768591e-03,-2.118143e-03,-4.079871e-06,1.513702e-02,2.718554e-04,2.061687e-04
S,107.0687,0,3.25,2.790528e-03,1.925653e-03,-2.318002e-03,-4.589820e-06,1.631407e-02,2.907842e-04,2.190832e-04
S,107.0687,0,3.3,3.065041e-03,2.093571e-03,-2.533043e-03,-5.151826e-06,1.755998e-02,3.108580e-04,2.326747e-04
S,107.0687,0,3.35,3.361907e-03,2.272877e-03,-2.764142e-03,-5.769840e-06,1.887745e-02,3.321386e-04,2.469736e-04
S,107.0687,0,3.4,3.682573e-03,2.464118e-03,-3.012207e-03,-6.447955e-06,2.026924e-02,3.546907e-04,2.620112e-04
S,107.0687,0,3.45,4.028559e-03,2.667852e-03,-3.278181e-03,-7.190407e-06,2.173819e-02,3.785822e-04,2.778203e-04
S,107.0687,0,3.5,4.401453e-03,2.884657e-03,-3.563042e-03,-8.001550e-06,2.328716e-02,4.038845e-04,2.944346e-04
S,107.0687,0,3.55,4.802918e-03,3.115119e-03,-3.867805e-03,-8.885834e-06,2.491910e-02,4.306724e-04,3.118894e-04
S,107.0687,0,3.6,5.234692e-03,3.359843e-03,-4.193517e-03,-9.847783e-06,2.663698e-02,4.590242e-04,3.302211e-04
S,107.0687,0,3.65,5.698590e-03,3.619448e-03,-4.541265e-03,-1.089197e-05,2.844384e-02,4.890223e-04,3.494676e-04
S,107.0687,0,3.7,6.196507e-03,3.894565e-03,-4.912173e-03,-1.202297e-05,3.034279e-02,5.207530e-04,3.696680e-04
S,107.0687,0,3.75,6.730418e-03,4.185841e-03,-5.307398e-03,-1.324532e-05,3.233697e-02,5.543066e-04,3.908630e-04
S,107.0687,0,3.8,7.302381e-03,4.493936e-03,-5.728139e-03,-1.456350e-05,3.442960e-02,5.897782e-04,4.130948e-04
S,107.0687,0,3.85,7.914539e-03,4.819526e-03,-6.175631e-03,-1.598185e-05,3.662394e-02,6.272671e-04,4.364070e-04
S,107.0687,0,3.9,8.569119e-03,5.163300e-03,-6.651148e-03,-1.750449e-05,3.892329e-02,6.668776e-04,4.608448e-04
S,107.0687,0,3.95,9.268440e-03,5.525960e-03,-7.156003e-03,-1.913528e-05,4.133108e-02,7.087191e-04,4.864552e-04
S,107.0687,0,4,1.001491e-02,5.908222e-03,-7.691545e-03,-2.087776e-05,4.385070e-02,7.529061e-04,5.132868e-04
S,107.0687,0,4.05,1.081101e-02,6.310816e-03,-8.259164e-03,-2.273499e-05,4.648567e-02,7.995589e-04,5.413899e-04
S,107.0687,0,4.1,1.165935e-02,6.734488e-03,-8.860291e-03,-2.470951e-05,4.923955e-02,8.488033e-04,5.708165e-04
S,107.0687,0,4.15,1.256261e-02,7.179992e-03,-9.496393e-03,-2.680316e-05,5.211595e-02,9.007713e-04,6.016207e-04
S,107.0687,0,4.2,1.352355e-02,7.648102e-03,-1.016898e-02,-2.901705e-05,5.511853e-02,9.556014e-04,6.338584e-04
S,107.0687,0,4.25,1.454506e-02,8.139598e-03,-1.087959e-02,-3.135126e-05,5.825105e-02,1.013439e-03,6.675874e-04
S,107.0687,0,4.3,1.563010e-02,8.655278e-03,-1.162982e-02,-3.380485e-05,6.151732e-02,1.074435e-03,7.028677e-04
S,107.0687,0,4.35,1.678174e-02,9.195951e-03,-1.242128e-02,-3.637555e-05,6.492116e-02,1.138750e-03,7.397613e-04
S,107.0687,0,4.4,1.800314e-02,9.762439e-03,-1.325565e-02,-3.905954e-05,6.846653e-02,1.206550e-03,7.783325e-04
S,107.0687,0,4.45,1.929758e-02,1.035557e-02,-1.413463e-02,-4.185143e-05,7.215746e-02,1.278011e-03,8.186477e-04
S,107.0687,0,4.5,2.066841e-02,1.097620e-02,-1.505995e-02,-4.474376e-05,7.599795e-02,1.353316e-03,8.607758e-04
S,107.0687,0,4.55,2.211909e-02,1.162518e-02,-1.603340e-02,-4.772678e-05,7.999217e-02,1.432659e-03,9.047881e-04
S,107.0687,0,4.6,2.365319e-02,1.230338e-02,-1.705678e-02,-5.078832e-05,8.414436e-02,1.516239e-03,9.507583e-04
S,107.0687,0,4.65,2.527437e-02,1.301167e-02,-1.813196e-02,-5.391319e-05,8.845874e-02,1.604270e-03,9.987626e-04
S,107.0687,0,4.7,2.698638e-02,1.375096e-02,-1.926083e-02,-5.708307e-05,9.293971e-02,1.696973e-03,1.048880e-03
S,107.0687,0,4.75,2.879310e-02,1.452213e-02,-2.044529e-02,-6.027584e-05,9.759170e-02,1.794581e-03,1.101193e-03
S,107.0687,0,4.8,3.069846e-02,1.532609e-02,-2.168733e-02,-6.346548e-05,1.024192e-01,1.897338e-03,1.155785e-03
S,107.0687,0,4.85,3.270653e-02,1.616377e-02,-2.298891e-02,-6.662105e-05,1.074269e-01,2.005499e-03,1.212745e-03
S,107.0687,0,4.9,3.482145e-02,1.703610e-02,-2.435209e-02,-6.970669e-05,1.126194e-01,2.119334e-03,1.272163e-03
S,107.0687,0,4.95,3.704746e-02,1.794400e-02,-2.577890e-02,-7.268075e-05,1.180014e-01,2.239124e-03,1.334132e-03
S,107.0687,0,5,3.938890e-02,1.888842e-02,-2.727145e-02,-7.549518e-05,1.235780e-01,2.365164e-03,1.398750e-03
S,107.0687,0,5.05,4.185020e-02,1.987032e-02,-2.883184e-02,-7.809481e-05,1.293540e-01,2.497765e-03,1.466118e-03
S,107.0687,0,5.1,4.443585e-02,2.089064e-02,-3.046222e-02,-8.041633e-05,1.353345e-01,2.637252e-03,1.536339e-03
S,107.0687,0,5.15,4.715047e-02,2.195034e-02,-3.216477e-02,-8.238815e-05,1.415247e-01,2.783967e-03,1.609521e-03
S,107.0687,0,5.2,4.999873e-02,2.305040e-02,-3.394167e-02,-8.392862e-05,1.479299e-01,2.938269e-03,1.685775e-03
S,107.0687,0,5.25,5.298540e-02,2.419177e-02,-3.579516e-02,-8.494567e-05,1.545555e-01,3.100534e-03,1.765217e-03
S,107.0687,0,5.3,5.611531e-02,2.537545e-02,-3.772745e-02,-8.533506e-05,1.614069e-01,3.271159e-03,1.847966e-03
S,107.0687,0,5.35,5.939337e-02,2.660239e-02,-3.974083e-02,-8.497973e-05,1.684899e-01,3.450559e-03,1.934145e-03
S,107.0687,0,5.4,6.282458e-02,2.787356e-02,-4.183756e-02,-8.374830e-05,1.758104e-01,3.639171e-03,2.023883e-03
S,107.0687,0,5.45,6.641396e-02,2.918996e-02,-4.401994e-02,-8.149314e-05,1.833740e-01,3.837454e-03,2.117310e-03
S,107.0687,0,5.5,7.016664e-02,3.055254e-02,-4.629026e-02,-7.804967e-05,1.911869e-01,4.045890e-03,2.214565e-03
S,107.0687,0,5.55,7.408777e-02,3.196228e-02,-4.865084e-02,-7.321389e-05,1.992555e-01,4.264992e-03,2.315770e-03
S,107.0687,0,5.6,7.818258e-02,3.342014e-02,-5.110400e-02,-6.681716e-05,2.075860e-01,4.495285e-03,2.421104e-03
S,107.0687,0,5.65,8.245633e-02,3.492709e-02,-5.365207e-02,-5.861450e-05,2.161849e-01,4.737333e-03,2.530705e-03
S,107.0687,0,5.7,8.691434e-02,3.648406e-02,-5.629737e-02,-4.835247e-05,2.250591e-01,4.991729e-03,2.644727e-03
S,107.0687,0,5.75,9.156193e-02,3.809202e-02,-5.904223e-02,-3.574954e-05,2.342154e-01,5.259093e-03,2.763333e-03
S,107.0687,0,5.8,9.640450e-02,3.975188e-02,-6.188896e-02,-2.049366e-05,2.436609e-01,5.540081e-03,2.886691e-03
S,107.0687,0,5.85,1.014475e-01,4.146459e-02,-6.483990e-02,-2.239851e-06,2.534031e-01,5.835382e-03,3.014973e-03
S,107.0687,0,5.9,1.066962e-01,4.323104e-02,-6.789732e-02,1.939401e-05,2.634493e-01,6.145721e-03,3.148358e-03
S,107.0687,0,5.95,1.121561e-01,4.505213e-02,-7.106353e-02,4.482968e-05,2.738075e-01,6.471865e-03,3.287031e-03
S,107.0687,0,6,1.178328e-01,4.692872e-02,-7.434080e-02,7.453238e-05,2.844856e-01,6.814621e-03,3.431184e-03
S,107.0687,0,6.05,1.237316e-01,4.886170e-02,-7.773138e-02,1.090161e-04,2.954920e-01,7.174839e-03,3.581013e-03
S,107.0687,0,6.1,1.298580e-01,5.085188e-02,-8.123750e-02,1.488474e-04,3.068350e-01,7.553417e-03,3.736723e-03
S,107.0687,0,6.15,1.362173e-01,5.290009e-02,-8.486135e-02,1.946491e-04,3.185236e-01,7.951301e-03,3.898525e-03
S,107.0687,0,6.2,1.428152e-01,5.500709e-02,-8.860511e-02,2.471061e-04,3.305670e-01,8.369493e-03,4.066636e-03
S,107.0687,0,6.25,1.496569e-01,5.717367e-02,-9.247090e-02,3.069738e-04,3.429744e-01,8.809046e-03,4.241281e-03
S,107.0687,0,6.3,1.567478e-01,5.940054e-02,-9.646082e-02,3.750801e-04,3.557558e-01,9.271077e-03,4.422691e-03
S,107.0687,0,6.35,1.640934e-01,6.168841e-02,-1.005769e-01,4.523358e-04,3.689213e-01,9.756764e-03,4.611106e-03
S,107.0687,0,6.4,1.716989e-01,6.403794e-02,-1.048212e-01,5.397396e-04,3.824813e-01,1.026735e-02,4.806774e-03
S,107.0687,0,6.45,1.795697e-01,6.644975e-02,-1.091957e-01,6.383882e-04,3.964466e-01,1.080416e-02,5.009947e-03
S,107.0687,0,6.5,1.877110e-01,6.892443e-02,-1.137022e-01,7.494832e-04,4.108287e-01,1.136858e-02,5.220888e-03
S,107.0687,0,6.55,1.961281e-01,7.146251e-02,-1.183426e-01,8.743416e-04,4.256392e-01,1.196209e-02,5.439868e-03
S,107.0687,0,6.6,2.048262e-01,7.406451e-02,-1.231187e-01,1.014408e-03,4.408903e-01,1.258625e-02,5.667165e-03
S,107.0687,0,6.65,2.138106e-01,7.673088e-02,-1.280323e-01,1.171264e-03,4.565946e-01,1.324272e-02,5.903065e-03
S,107.0687,0,6.7,2.230864e-01,7.946201e-02,-1.330850e-01,1.346639e-03,4.727651e-01,1.393324e-02,6.147862e-03
S,107.0687,0,6.75,2.326589e-01,8.225828e-02,-1.382784e-01,1.542428e-03,4.894155e-01,1.465968e-02,6.401859e-03
S,107.0687,0,6.8,2.425331e-01,8.511995e-02,-1.436142e-01,1.760705e-03,5.065600e-01,1.542401e-02,6.665368e-03
S,107.0687,0,6.85,2.527144e-01,8.804729e-02,-1.490938e-01,2.003733e-03,5.242134e-01,1.622832e-02,6.938707e-03
S,107.0687,0,6.9,2.632080e-01,9.104047e-02,-1.547186e-01,2.273994e-03,5.423908e-01,1.707484e-02,7.222206e-03
S,107.0687,0,6.95,2.740193e-01,9.409963e-02,-1.604901e-01,2.574196e-03,5.611082e-01,1.796591e-02,7.516199e-03
S,107.0687,0,7,2.851538e-01,9.722483e-02,-1.664095e-01,2.907298e-03,5.803822e-01,1.890405e-02,7.821031e-03
S,107.0687,0,7.05,2.966170e-01,1.004161e-01,-1.724782e-01,3.276531e-03,6.002301e-01,1.989192e-02,8.137054e-03
S,107.0687,0,7.1,3.084147e-01,1.036732e-01,-1.786974e-01,3.685425e-03,6.206696e-01,2.093235e-02,8.464630e-03
S,107.0687,0,7.15,3.205529e-01,1.069963e-01,-1.850683e-01,4.137840e-03,6.417193e-01,2.202835e-02,8.804125e-03
S,107.0687,0,7.2,3.330382e-01,1.103849e-01,-1.915922e-01,4.637983e-03,6.633988e-01,2.318313e-02,9.155914e-03
S,107.0687,0,7.25,3.458771e-01,1.138390e-01,-1.982701e-01,5.190442e-03,6.857279e-01,2.440010e-02,9.520382e-03
S,107.0687,0,7.3,3.590770e-01,1.173580e-01,-2.051034e-01,5.800228e-03,7.087277e-01,2.568290e-02,9.897917e-03
S,107.0687,0,7.35,3.726456e-01,1.209417e-01,-2.120932e-01,6.472804e-03,7.324198e-01,2.703540e-02,1.028891e-02
S,107.0687,0,7.4,3.865917e-01,1.245896e-01,-2.192407e-01,7.214134e-03,7.568266e-01,2.846173e-02,1.069378e-02
S,107.0687,0,7.45,4.009245e-01,1.283010e-01,-2.265474e-01,8.030699e-03,7.819716e-01,2.996629e-02,1.111291e-02
S,107.0687,0,7.5,4.156546e-01,1.320755e-01,-2.340147e-01,8.929584e-03,8.078789e-01,3.155379e-02,1.154672e-02
S,107.0687,0,7.55,4.307936e-01,1.359122e-01,-2.416441e-01,9.918501e-03,8.345736e-01,3.322924e-02,1.199563e-02
S,107.0687,0,7.6,4.463550e-01,1.398106e-01,-2.494375e-01,1.100584e-02,8.620816e-01,3.499798e-02,1.246005e-02
S,107.0687,0,7.65,4.623535e-01,1.437698e-01,-2.573969e-01,1.220074e-02,8.904297e-01,3.686574e-02,1.294040e-02
S,107.0687,0,7.7,4.788060e-01,1.477890e-01,-2.655245e-01,1.351317e-02,9.196451e-01,3.883863e-02,1.343710e-02
S,107.0687,0,7.75,4.957323e-01,1.518672e-01,-2.738230e-01,1.495393e-02,9.497568e-01,4.092317e-02,1.395056e-02
S,107.0687,0,7.8,5.131544e-01,1.560035e-01,-2.822955e-01,1.653480e-02,9.807938e-01,4.312634e-02,1.448120e-02
S,107.0687,0,7.85,5.310979e-01,1.601970e-01,-2.909455e-01,1.826858e-02,1.012786e+00,4.545560e-02,1.502944e-02
S,107.0687,0,7.9,5.495923e-01,1.644466e-01,-2.997772e-01,2.016917e-02,1.045764e+00,4.791893e-02,1.559567e-02
S,107.0687,0,7.95,5.686714e-01,1.687512e-01,-3.087955e-01,2.225167e-02,1.079760e+00,5.052487e-02,1.618029e-02
S,107.0687,0,8,5.883746e-01,1.731099e-01,-3.180060e-01,2.453244e-02,1.114805e+00,5.328253e-02,1.678369e-02
S,107.0687,10,0.05,3.398001e-14,3.369957e-14,-3.383950e-14,-1.059644e-18,1.318988e-09,3.662899e-10,3.632673e-10
S,107.0687,10,0.1,2.173065e-12,2.159857e-12,-2.166451e-12,-4.992127e-17,7.763871e-09,2.929687e-09,2.911888e-09
S,107.0687,10,0.15,2.473647e-11,2.463048e-11,-2.468342e-11,-4.007744e-16,1.846049e-08,9.890275e-09,9.847931e-09
S,107.0687,10,0.2,1.389103e-10,1.385120e-10,-1.387110e-10,-1.506394e-15,2.926286e-08,2.346086e-08,2.339369e-08
S,107.0687,10,0.25,5.296683e-10,5.287060e-10,-5.291869e-10,-3.640323e-15,3.620134e-08,4.587732e-08,4.579418e-08
S,107.0687,10,0.3,1.581048e-09,1.579267e-09,-1.580157e-09,-6.737758e-15,3.875664e-08,7.940901e-08,7.931991e-08
S,107.0687,10,0.35,3.985856e-09,3.982720e-09,-3.984288e-09,-1.187766e-14,4.300502e-08,1.263690e-07,1.262701e-07
S,107.0687,10,0.4,8.879955e-09,8.872925e-09,-8.876439e-09,-2.663010e-14,6.459750e-08,1.891248e-07,1.889760e-07
S,107.0687,10,0.45,1.800128e-08,1.798090e-08,-1.799109e-08,-7.722777e-14,1.315422e-07,2.701084e-07,2.698050e-07
S,107.0687,10,0.5,3.387387e-08,3.381291e-08,-3.384338e-08,-2.311936e-13,2.869873e-07,3.718272e-07,3.711645e-07
S,107.0687,10,0.55,6.001714e-08,5.984990e-08,-5.993346e-08,-6.345988e-13,5.917396e-07,4.968750e-07,4.955065e-07
S,107.0687,10,0.6,1.011807e-07,1.007675e-07,-1.009739e-07,-1.568972e-12,1.126667e-06,6.479427e-07,6.453329e-07
S,107.0687,10,0.65,1.636053e-07,1.626754e-07,-1.631397e-07,-3.533119e-12,1.995155e-06,8.278296e-07,8.231999e-07
S,107.0687,10,0.7,2.553095e-07,2.533752e-07,-2.543405e-07,-7.355597e-12,3.324994e-06,1.039455e-06,1.031725e-06
S,107.0687,10,0.75,3.864041e-07,3.826348e-07,-3.845148e-07,-1.434380e-11,5.271067e-06,1.285869e-06,1.273590e-06
S,107.0687,10,0.8,5.694326e-07,5.624801e-07,-5.659456e-07,-2.647916e-11,8.016544e-06,1.570266e-06,1.551551e-06
S,107.0687,10,0.85,8.197399e-07,8.074995e-07,-8.135966e-07,-4.665894e-11,1.177535e-05,1.895999e-06,1.868445e-06
S,107.0687,10,0.9,1.155869e-06,1.135163e-06,-1.145470e-06,-7.900247e-11,1.679350e-05,2.266584e-06,2.227190e-06
S,107.0687,10,0.95,1.599988e-06,1.566154e-06,-1.582980e-06,-1.292150e-10,2.335136e-05,2.685725e-06,2.630804e-06
S,107.0687,10,1,2.178340e-06,2.124708e-06,-2.151356e-06,-2.050364e-10,3.176483e-05,3.157320e-06,3.082402e-06
S,107.0687,10,1.05,2.921735e-06,2.838964e-06,-2.880051e-06,-3.167592e-10,4.238712e-05,3.685474e-06,3.585210e-06
S,107.0687,10,1.1,3.866056e-06,3.741327e-06,-3.803179e-06,-4.778626e-10,5.560888e-05,4.274522e-06,4.142570e-06
S,107.0687,10,1.15,5.052810e-06,4.868824e-06,-4.959962e-06,-7.057033e-10,7.186163e-05,4.929033e-06,4.757954e-06
S,107.0687,10,1.2,6.529704e-06,6.263484e-06,-6.395206e-06,-1.022358e-09,9.161745e-05,5.653835e-06,5.434966e-06
S,107.0687,10,1.25,8.351256e-06,7.972703e-06,-8.159780e-06,-1.455552e-09,1.153915e-04,6.454026e-06,6.177357e-06
S,107.0687,10,1.3,1.057943e-05,1.004963e-05,-1.031112e-05,-2.039763e-09,1.437402e-04,7.334993e-06,6.989031e-06
S,107.0687,10,1.35,1.328431e-05,1.255352e-05,-1.291374e-05,-2.817356e-09,1.772676e-04,8.302429e-06,7.874057e-06
S,107.0687,10,1.4,1.654484e-05,1.555015e-05,-1.603976e-05,-3.840000e-09,2.166193e-04,9.362352e-06,8.836680e-06
S,107.0687,10,1.45,2.044950e-05,1.911216e-05,-1.976950e-05,-5.170160e-09,2.624901e-04,1.052112e-05,9.881329e-06
S,107.0687,10,1.5,2.509716e-05,2.331946e-05,-2.419195e-05,-6.882696e-09,3.156191e-04,1.178546e-05,1.101263e-05
S,107.0687,10,1.55,3.059785e-05,2.825955e-05,-2.940542e-05,-9.066754e-09,3.767976e-04,1.316248e-05,1.223542e-05
S,107.0687,10,1.6,3.707361e-05,3.402795e-05,-3.551807e-05,-1.182782e-08,4.468589e-04,1.465970e-05,1.355474e-05
S,107.0687,10,1.65,4.465940e-05,4.072850e-05,-4.264858e-05,-1.528982e-08,5.266904e-04,1.628504e-05,1.497588e-05
S,107.0687,10,1.7,5.350402e-05,4.847375e-05,-5.092667e-05,-1.959749e-08,6.172293e-04,1.804690e-05,1.650437e-05
S,107.0687,10,1.75,6.377104e-05,5.738529e-05,-6.049377e-05,-2.491921e-08,7.194606e-04,1.995416e-05,1.814599e-05
S,107.0687,10,1.8,7.563984e-05,6.759411e-05,-7.150364e-05,-3.144943e-08,8.344224e-04,2.201617e-05,1.990679e-05
S,107.0687,10,1.85,8.930664e-05,7.924092e-05,-8.412301e-05,-3.941212e-08,9.632005e-04,2.424282e-05,2.179309e-05
S,107.0687,10,1.9,1.049855e-04,9.247643e-05,-9.853221e-05,-4.906355e-08,1.106936e-03,2.664457e-05,2.381153e-05
S,107.0687,10,1.95,1.229097e-04,1.074617e-04,-1.149259e-04,-6.069609e-08,1.266822e-03,2.923244e-05,2.596903e-05
S,107.0687,10,2,1.433326e-04,1.243686e-04,-1.335135e-04,-7.464176e-08,1.444102e-03,3.201808e-05,2.827285e-05
S,107.0687,10,2.05,1.665287e-04,1.433796e-04,-1.545203e-04,-9.127598e-08,1.640072e-03,3.501377e-05,3.073057e-05
S,107.0687,10,2.1,1.927956e-04,1.646887e-04,-1.781875e-04,-1.110219e-07,1.856085e-03,3.823246e-05,3.335014e-05
S,107.0687,10,2.15,2.224545e-04,1.885012e-04,-2.047737e-04,-1.343550e-07,2.093540e-03,4.168784e-05,3.613985e-05
S,107.0687,10,2.2,2.558518e-04,2.150342e-04,-2.345547e-04,-1.618066e-07,2.353901e-03,4.539431e-05,3.910839e-05
S,107.0687,10,2.25,2.933608e-04,2.445168e-04,-2.678250e-04,-1.939699e-07,2.638674e-03,4.936708e-05,4.226483e-05
S,107.0687,10,2.3,3.353823e-04,2.771903e-04,-3.048979e-04,-2.315045e-07,2.949419e-03,5.362217e-05,4.561866e-05
S,107.0687,10,2.35,3.823469e-04,3.133084e-04,-3.461065e-04,-2.751407e-07,3.287766e-03,5.817645e-05,4.917979e-05
S,107.0687,10,2.4,4.347160e-04,3.531374e-04,-3.918043e-04,-3.256861e-07,3.655377e-03,6.304771e-05,5.295857e-05
S,107.0687,10,2.45,4.929835e-04,3.969565e-04,-4.423659e-04,-3.840301e-07,4.053984e-03,6.825467e-05,5.696582e-05
S,107.0687,10,2.5,5.576770e-04,4.450578e-04,-4.981877e-04,-4.511502e-07,4.485368e-03,7.381707e-05,6.121282e-05
S,107.0687,10,2.55,6.293600e-04,4.977468e-04,-5.596889e-04,-5.281173e-07,4.951362e-03,7.975566e-05,6.571135e-05
S,107.0687,10,2.6,7.086330e-04,5.553420e-04,-6.273116e-04,-6.161013e-07,5.453856e-03,8.609229e-05,7.047370e-05
S,107.0687,10,2.65,7.961355e-04,6.181757e-04,-7.015219e-04,-7.163773e-07,5.994791e-03,9.284996e-05,7.551269e-05
S,107.0687,10,2.7,8.925476e-04,6.865937e-04,-7.828106e-04,-8.303300e-07,6.576173e-03,1.000528e-04,8.084167e-05
S,107.0687,10,2.75,9.985915e-04,7.609554e-04,-8.716939e-04,-9.594617e-07,7.200048e-03,1.077264e-04,8.647457e-05
S,107.0687,10,2.8,1.115034e-03,8.416340e-04,-9.687137e-04,-1.105394e-06,7.868532e-03,1.158974e-04,9.242590e-05
S,107.0687,10,2.85,1.242687e-03,9.290171e-04,-1.074439e-03,-1.269880e-06,8.583777e-03,1.245939e-04,9.871078e-05
S,107.0687,10,2.9,1.382411e-03,1.023506e-03,-1.189466e-03,-1.454800e-06,9.348004e-03,1.338456e-04,1.053449e-04
S,107.0687,10,2.95,1.535115e-03,1.125516e-03,-1.314419e-03,-1.662173e-06,1.016349e-02,1.436834e-04,1.123447e-04
S,107.0687,10,3,1.701760e-03,1.235476e-03,-1.449950e-03,-1.894160e-06,1.103254e-02,1.541401e-04,1.197272e-04
S,107.0687,10,3.05,1.883362e-03,1.353831e-03,-1.596743e-03,-2.153063e-06,1.195756e-02,1.652499e-04,1.275102e-04
S,107.0687,10,3.1,2.080989e-03,1.481039e-03,-1.755509e-03,-2.441337e-06,1.294097e-02,1.770489e-04,1.357120e-04
S,107.0687,10,3.15,2.295768e-03,1.617571e-03,-1.926991e-03,-2.761578e-06,1.398526e-02,1.895749e-04,1.443518e-04
S,107.0687,10,3.2,2.528886e-03,1.763916e-03,-2.111964e-03,-3.116538e-06,1.509297e-02,2.028676e-04,1.534495e-04
S,107.0687,10,3.25,2.781589e-03,1.920573e-03,-2.311234e-03,-3.509119e-06,1.626670e-02,2.169688e-04,1.630259e-04
S,107.0687,10,3.3,3.055188e-03,2.088059e-03,-2.525639e-03,-3.942367e-06,1.750912e-02,2.319222e-04,1.731025e-04
S,107.0687,10,3.35,3.351058e-03,2.266902e-03,-2.756051e-03,-4.419482e-06,1.882291e-02,2.477738e-04,1.837015e-04
S,107.0687,10,3.4,3.670641e-03,2.457649e-03,-3.003376e-03,-4.943792e-06,2.021085e-02,2.645718e-04,1.948462e-04
S,107.0687,10,3.45,4.015449e-03,2.660856e-03,-3.268552e-03,-5.518770e-06,2.167576e-02,2.823669e-04,2.065606e-04
S,107.0687,10,3.5,4.387062e-03,2.877098e-03,-3.552553e-03,-6.148009e-06,2.322050e-02,3.012120e-04,2.188696e-04
S,107.0687,10,3.55,4.787137e-03,3.106961e-03,-3.856390e-03,-6.835220e-06,2.484802e-02,3.211630e-04,2.317993e-04
S,107.0687,10,3.6,5.217401e-03,3.351046e-03,-4.181107e-03,-7.584198e-06,2.656127e-02,3.422781e-04,2.453764e-04
S,107.0687,10,3.65,5.679661e-03,3.609970e-03,-4.527783e-03,-8.398833e-06,2.836332e-02,3.646187e-04,2.596288e-04
S,107.0687,10,3.7,6.175802e-03,3.884362e-03,-4.897538e-03,-9.283075e-06,3.025726e-02,3.882491e-04,2.745855e-04
S,107.0687,10,3.75,6.707786e-03,4.174865e-03,-5.291524e-03,-1.024089e-05,3.224622e-02,4.132367e-04,2.902764e-04
S,107.0687,10,3.8,7.277662e-03,4.482138e-03,-5.710933e-03,-1.127626e-05,3.433346e-02,4.396520e-04,3.067325e-04
S,107.0687,10,3.85,7.887558e-03,4.806853e-03,-6.156994e-03,-1.239314e-05,3.652219e-02,4.675692e-04,3.239860e-04
S,107.0687,10,3.9,8.539687e-03,5.149693e-03,-6.630972e-03,-1.359538e-05,3.881577e-02,4.970658e-04,3.420704e-04
S,107.0687,10,3.95,9.236353e-03,5.511360e-03,-7.134174e-03,-1.488676e-05,4.121757e-02,5.282235e-04,3.610201e-04
S,107.0687,10,4,9.979943e-03,5.892565e-03,-7.667939e-03,-1.627084e-05,4.373104e-02,5.611275e-04,3.808709e-04
S,107.0687,10,4.05,1.077294e-02,6.294033e-03,-8.233651e-03,-1.775097e-05,4.635970e-02,5.958672e-04,4.016601e-04
S,107.0687,10,4.1,1.161791e-02,6.716505e-03,-8.832728e-03,-1.933017e-05,4.910708e-02,6.325366e-04,4.234259e-04
S,107.0687,10,4.15,1.251751e-02,7.160733e-03,-9.466625e-03,-2.101110e-05,5.197682e-02,6.712339e-04,4.462081e-04
S,107.0687,10,4.2,1.347449e-02,7.627479e-03,-1.013684e-02,-2.279594e-05,5.497263e-02,7.120622e-04,4.700481e-04
S,107.0687,10,4.25,1.449172e-02,8.117525e-03,-1.084491e-02,-2.468626e-05,5.809822e-02,7.551296e-04,4.949883e-04
S,107.0687,10,4.3,1.557212e-02,8.631658e-03,-1.159240e-02,-2.668296e-05,6.135745e-02,8.005492e-04,5.210731e-04
S,107.0687,10,4.35,1.671873e-02,9.170681e-03,-1.238092e-02,-2.878618e-05,6.475419e-02,8.484399e-04,5.483482e-04
S,107.0687,10,4.4,1.793469e-02,9.735408e-03,-1.321213e-02,-3.099502e-05,6.829238e-02,8.989261e-04,5.768609e-04
S,107.0687,10,4.45,1.922322e-02,1.032666e-02,-1.408769e-02,-3.330749e-05,7.197606e-02,9.521382e-04,6.066603e-04
S,107.0687,10,4.5,2.058765e-02,1.094529e-02,-1.500935e-02,-3.572033e-05,7.580932e-02,1.008213e-03,6.377971e-04
S,107.0687,10,4.55,2.203140e-02,1.159212e-02,-1.597885e-02,-3.822878e-05,7.979635e-02,1.067294e-03,6.703238e-04
S,107.0687,10,4.6,2.355798e-02,1.226803e-02,-1.699798e-02,-4.082644e-05,8.394137e-02,1.129531e-03,7.042950e-04
S,107.0687,10,4.65,2.517099e-02,1.297387e-02,-1.806858e-02,-4.350482e-05,8.824869e-02,1.195083e-03,7.397668e-04
S,107.0687,10,4.7,2.687414e-02,1.371053e-02,-1.919250e-02,-4.625342e-05,9.272274e-02,1.264114e-03,7.767976e-04
S,107.0687,10,4.75,2.867123e-02,1.447890e-02,-2.037163e-02,-4.905915e-05,9.736801e-02,1.336798e-03,8.154478e-04
S,107.0687,10,4.8,3.056615e-02,1.527986e-02,-2.160792e-02,-5.190601e-05,1.021891e-01,1.413317e-03,8.557797e-04
S,107.0687,10,4.85,3.256286e-02,1.611433e-02,-2.290330e-02,-5.477504e-05,1.071906e-01,1.493862e-03,8.978581e-04
S,107.0687,10,4.9,3.466544e-02,1.698321e-02,-2.425978e-02,-5.764355e-05,1.123773e-01,1.578632e-03,9.417497e-04
S,107.0687,10,4.95,3.687803e-02,1.788742e-02,-2.567936e-02,-6.048492e-05,1.177541e-01,1.667838e-03,9.875240e-04
S,107.0687,10,5,3.920486e-02,1.882788e-02,-2.716408e-02,-6.326807e-05,1.233259e-01,1.761700e-03,1.035253e-03
S,107.0687,10,5.05,4.165026e-02,1.980553e-02,-2.871601e-02,-6.595689e-05,1.290977e-01,1.860450e-03,1.085010e-03
S,107.0687,10,5.1,4.421861e-02,2.082128e-02,-3.033724e-02,-6.850984e-05,1.350749e-01,1.964331e-03,1.136872e-03
S,107.0687,10,5.15,4.691437e-02,2.187609e-02,-3.202988e-02,-7.087899e-05,1.412626e-01,2.073597e-03,1.190920e-03
S,107.0687,10,5.2,4.974208e-02,2.297089e-02,-3.379606e-02,-7.300959e-05,1.476663e-01,2.188517e-03,1.247234e-03
S,107.0687,10,5.25,5.270634e-02,2.410661e-02,-3.563793e-02,-7.483943e-05,1.542916e-01,2.309372e-03,1.305901e-03
S,107.0687,10,5.3,5.581180e-02,2.528421e-02,-3.755764e-02,-7.629774e-05,1.611440e-01,2.436457e-03,1.367008e-03
S,107.0687,10,5.35,5.906318e-02,2.650461e-02,-3.955737e-02,-7.730419e-05,1.682294e-01,2.570083e-03,1.430647e-03
S,107.0687,10,5.4,6.246525e-02,2.776876e-02,-4.163930e-02,-7.776860e-05,1.755538e-01,2.710577e-03,1.496912e-03
S,107.0687,10,5.45,6.602282e-02,2.907759e-02,-4.380562e-02,-7.758858e-05,1.831233e-01,2.858282e-03,1.565901e-03
S,107.0687,10,5.5,6.974071e-02,3.043204e-02,-4.605851e-02,-7.664969e-05,1.909442e-01,3.013559e-03,1.637715e-03
S,107.0687,10,5.55,7.362382e-02,3.183303e-02,-4.840017e-02,-7.480875e-05,1.990231e-01,3.176792e-03,1.712445e-03
S,107.0687,10,5.6,7.767703e-02,3.328146e-02,-5.083277e-02,-7.194842e-05,2.073664e-01,3.348373e-03,1.790225e-03
S,107.0687,10,5.65,8.190528e-02,3.477824e-02,-5.335850e-02,-6.789547e-05,2.159811e-01,3.528728e-03,1.871154e-03
S,107.0687,10,5.7,8.631347e-02,3.632429e-02,-5.597952e-02,-6.247002e-05,2.248741e-01,3.718298e-03,1.955350e-03
S,107.0687,10,5.75,9.090651e-02,3.792046e-02,-5.869798e-02,-5.547204e-05,2.340528e-01,3.917551e-03,2.042931e-03
S,107.0687,10,5.8,9.568933e-02,3.956764e-02,-6.151601e-02,-4.667867e-05,2.435247e-01,4.126978e-03,2.134022e-03
S,107.0687,10,5.85,1.006668e-01,4.126667e-02,-6.443570e-02,-3.584253e-05,2.532974e-01,4.347098e-03,2.228751e-03
S,107.0687,10,5.9,1.058437e-01,4.301838e-02,-6.745914e-02,-2.268823e-05,2.633791e-01,4.578457e-03,2.327251e-03
S,107.0687,10,5.95,1.112250e-01,4.482360e-02,-7.058836e-02,-6.910986e-06,2.737779e-01,4.821632e-03,2.429659e-03
S,107.0687,10,6,1.168153e-01,4.668309e-02,-7.382534e-02,1.182709e-05,2.845024e-01,5.077231e-03,2.536118e-03
S,107.0687,10,6.05,1.226193e-01,4.859762e-02,-7.717205e-02,3.390001e-05,2.955616e-01,5.345897e-03,2.646774e-03
S,107.0687,10,6.1,1.286416e-01,5.056793e-02,-8.063038e-02,5.972178e-05,3.069645e-01,5.628307e-03,2.761778e-03
S,107.0687,10,6.15,1.348868e-01,5.259472e-02,-8.420218e-02,8.974955e-05,3.187207e-01,5.925179e-03,2.881288e-03
S,107.0687,10,6.2,1.413592e-01,5.467865e-02,-8.788920e-02,1.244890e-04,3.308401e-01,6.237270e-03,3.005466e-03
S,107.0687,10,6.25,1.480630e-01,5.682036e-02,-9.169316e-02,1.644972e-04,3.433329e-01,6.565381e-03,3.134479e-03
S,107.0687,10,6.3,1.550025e-01,5.902043e-02,-9.561568e-02,2.103896e-04,3.562100e-01,6.910358e-03,3.268500e-03
S,107.0687,10,6.35,1.621816e-01,6.127942e-02,-9.965829e-02,2.628449e-04,3.694822e-01,7.273101e-03,3.407707e-03
S,107.0687,10,6.4,1.696041e-01,6.359783e-02,-1.038224e-01,3.226094e-04,3.831613e-01,7.654557e-03,3.552285e-03
S,107.0687,10,6.45,1.772736e-01,6.597612e-02,-1.081095e-01,3.905078e-04,3.972594e-01,8.055735e-03,3.702424e-03
S,107.0687,10,6.5,1.851935e-01,6.841469e-02,-1.125207e-01,4.674451e-04,4.117889e-01,8.477700e-03,3.858320e-03
S,107.0687,10,6.55,1.933671e-01,7.091389e-02,-1.170571e-01,5.544203e-04,4.267630e-01,8.921585e-03,4.020175e-03
S,107.0687,10,6.6,2.017973e-01,7.347401e-02,-1.217198e-01,6.525300e-04,4.421954e-01,9.388589e-03,4.188199e-03
S,107.0687,10,6.65,2.104867e-01,7.609529e-02,-1.265096e-01,7.629808e-04,4.581004e-01,9.879988e-03,4.362606e-03
S,107.0687,10,6.7,2.194378e-01,7.877789e-02,-1.314272e-01,8.871016e-04,4.744930e-01,1.039714e-02,4.543616e-03
S,107.0687,10,6.75,2.286527e-01,8.152191e-02,-1.364732e-01,1.026351e-03,4.913887e-01,1.094147e-02,4.731459e-03
S,107.0687,10,6.8,2.381333e-01,8.432736e-02,-1.416481e-01,1.182330e-03,5.088041e-01,1.151453e-02,4.926368e-03
S,107.0687,10,6.85,2.478809e-01,8.719421e-02,-1.469520e-01,1.356803e-03,5.267561e-01,1.211794e-02,5.128585e-03
S,107.0687,10,6.9,2.578968e-01,9.012234e-02,-1.523851e-01,1.551705e-03,5.452628e-01,1.275343e-02,5.338357e-03
S,107.0687,10,6.95,2.681817e-01,9.311153e-02,-1.579473e-01,1.769163e-03,5.643428e-01,1.342285e-02,5.555938e-03
S,107.0687,10,7,2.787361e-01,9.616150e-02,-1.636381e-01,2.011509e-03,5.840160e-01,1.412817e-02,5.781590e-03
S,107.0687,10,7.05,2.895599e-01,9.927186e-02,-1.694572e-01,2.281309e-03,6.043031e-01,1.487150e-02,6.015581e-03
S,107.0687,10,7.1,3.006528e-01,1.024422e-01,-1.754039e-01,2.581378e-03,6.252256e-01,1.565507e-02,6.258183e-03
S,107.0687,10,7.15,3.120140e-01,1.056719e-01,-1.814772e-01,2.914808e-03,6.468064e-01,1.648130e-02,6.509680e-03
S,107.0687,10,7.2,3.236423e-01,1.089603e-01,-1.876760e-01,3.284993e-03,6.690693e-01,1.735272e-02,6.770356e-03
S,107.0687,10,7.25,3.355360e-01,1.123067e-01,-1.939989e-01,3.695659e-03,6.920394e-01,1.827210e-02,7.040506e-03
S,107.0687,10,7.3,3.476933e-01,1.157103e-01,-2.004443e-01,4.150897e-03,7.157430e-01,1.924235e-02,7.320429e-03
S,107.0687,10,7.35,3.601117e-01,1.191701e-01,-2.070103e-01,4.655198e-03,7.402079e-01,2.026662e-02,7.610431e-03
S,107.0687,10,7.4,3.727884e-01,1.226850e-01,-2.136950e-01,5.213495e-03,7.654632e-01,2.134827e-02,7.910821e-03
S,107.0687,10,7.45,3.857202e-01,1.262540e-01,-2.204959e-01,5.831200e-03,7.915392e-01,2.249092e-02,8.221914e-03
S,107.0687,10,7.5,3.989039e-01,1.298758e-01,-2.274105e-01,6.514259e-03,8.184682e-01,2.369843e-02,8.544032e-03
S,107.0687,10,7.55,4.123358e-01,1.335490e-01,-2.344361e-01,7.269191e-03,8.462839e-01,2.497498e-02,8.877497e-03
S,107.0687,10,7.6,4.260119e-01,1.372722e-01,-2.415696e-01,8.103175e-03,8.750216e-01,2.632502e-02,9.222639e-03
S,107.0687,10,7.65,4.399285e-01,1.410440e-01,-2.488078e-01,9.024068e-03,9.047188e-01,2.775338e-02,9.579788e-03
S,107.0687,10,7.7,4.540816e-01,1.448625e-01,-2.561472e-01,1.004052e-02,9.354144e-01,2.926522e-02,9.949276e-03
S,107.0687,10,7.75,4.684674e-01,1.487263e-01,-2.635841e-01,1.116201e-02,9.671495e-01,3.086613e-02,1.033144e-02
S,107.0687,10,7.8,4.830826e-01,1.526334e-01,-2.711148e-01,1.239897e-02,9.999674e-01,3.256212e-02,1.072661e-02
S,107.0687,10,7.85,4.979243e-01,1.565819e-01,-2.787351e-01,1.376284e-02,1.033913e+00,3.435966e-02,1.113512e-02
S,107.0687,10,7.9,5.129906e-01,1.605700e-01,-2.864412e-01,1.526619e-02,1.069035e+00,3.626577e-02,1.155731e-02
S,107.0687,10,7.95,5.282803e-01,1.645955e-01,-2.942287e-01,1.692285e-02,1.105382e+00,3.828800e-02,1.199350e-02
S,107.0687,10,8,5.437941e-01,1.686565e-01,-3.020935e-01,1.874799e-02,1.143007e+00,4.043454e-02,1.244402e-02
S,107.0687,20,0.05,3.386932e-14,3.359023e-14,-3.372949e-14,-8.190162e-19,1.314792e-09,2.840338e-10,2.816937e-10
S,107.0687,20,0.1,2.165990e-12,2.152847e-12,-2.159409e-12,-3.858523e-17,7.739094e-09,2.271708e-09,2.257929e-09
S,107.0687,20,0.15,2.465600e-11,2.455052e-11,-2.460320e-11,-3.097586e-16,1.840133e-08,7.668608e-09,7.635827e-09
S,107.0687,20,0.2,1.384588e-10,1.380624e-10,-1.382605e-10,-1.164283e-15,2.916904e-08,1.818946e-08,1.813747e-08
S,107.0687,20,0.25,5.279483e-10,5.269908e-10,-5.274693e-10,-2.814245e-15,3.608189e-08,3.556583e-08,3.550146e-08
S,107.0687,20,0.3,1.575919e-09,1.574147e-09,-1.575033e-09,-5.206811e-15,3.863713e-08,6.155380e-08,6.148484e-08
S,107.0687,20,0.35,3.972942e-09,3.969821e-09,-3.971381e-09,-9.176682e-15,4.287690e-08,9.794173e-08,9.786513e-08
S,107.0687,20,0.4,8.851220e-09,8.844226e-09,-8.847722e-09,-2.058329e-14,6.437534e-08,1.465580e-07,1.464428e-07
S,107.0687,20,0.45,1.794311e-08,1.792284e-08,-1.793297e-08,-5.968898e-14,1.311146e-07,2.092787e-07,2.090440e-07
S,107.0687,20,0.5,3.376458e-08,3.370392e-08,-3.373424e-08,-1.786910e-13,2.860289e-07,2.880361e-07,2.875232e-07
S,107.0687,20,0.55,5.982383e-08,5.965741e-08,-5.974056e-08,-4.904508e-13,5.898210e-07,3.848261e-07,3.837671e-07
S,107.0687,20,0.6,1.008554e-07,1.004442e-07,-1.006496e-07,-1.212623e-12,1.123031e-06,5.017168e-07,4.996974e-07
S,107.0687,20,0.65,1.630803e-07,1.621550e-07,-1.626170e-07,-2.730604e-12,1.988701e-06,6.408570e-07,6.372750e-07
S,107.0687,20,0.7,2.544920e-07,2.525670e-07,-2.535277e-07,-5.684687e-12,3.314340e-06,8.044848e-07,7.985044e-07
S,107.0687,20,0.75,3.851696e-07,3.814184e-07,-3.832894e-07,-1.108591e-11,5.254002e-06,9.949359e-07,9.854372e-07
S,107.0687,20,0.8,5.676175e-07,5.606984e-07,-5.641473e-07,-2.046508e-11,7.990501e-06,1.214654e-06,1.200178e-06
S,107.0687,20,0.85,8.171335e-07,8.049517e-07,-8.110197e-07,-3.606184e-11,1.173713e-05,1.466198e-06,1.444887e-06
S,107.0687,20,0.9,1.152204e-06,1.131597e-06,-1.141854e-06,-6.106036e-11,1.673906e-05,1.752255e-06,1.721790e-06
S,107.0687,20,0.95,1.594928e-06,1.561256e-06,-1.578002e-06,-9.987222e-11,2.327565e-05,2.075646e-06,2.033177e-06
S,107.0687,20,1,2.171472e-06,2.118094e-06,-2.144617e-06,-1.584800e-10,3.166198e-05,2.439340e-06,2.381414e-06
S,107.0687,20,1.05,2.912551e-06,2.830173e-06,-2.871066e-06,-2.448489e-10,4.224910e-05,2.846462e-06,2.768946e-06
S,107.0687,20,1.1,3.853944e-06,3.729804e-06,-3.791365e-06,-3.693944e-10,5.542777e-05,3.300307e-06,3.198304e-06
S,107.0687,20,1.15,5.037034e-06,4.853916e-06,-4.944625e-06,-5.455514e-10,7.162723e-05,3.804347e-06,3.672111e-06
S,107.0687,20,1.2,6.509391e-06,6.244421e-06,-6.375526e-06,-7.903938e-10,9.131834e-05,4.362248e-06,4.193091e-06
S,107.0687,20,1.25,8.325372e-06,7.948593e-06,-8.134796e-06,-1.125394e-09,1.150137e-04,4.977878e-06,4.764071e-06
S,107.0687,20,1.3,1.054677e-05,1.001944e-05,-1.027971e-05,-1.577216e-09,1.432696e-04,5.655323e-06,5.387996e-06
S,107.0687,20,1.35,1.324347e-05,1.251608e-05,-1.287463e-05,-2.178703e-09,1.766852e-04,6.398897e-06,6.067926e-06
S,107.0687,20,1.4,1.649419e-05,1.550411e-05,-1.599147e-05,-2.969860e-09,2.159071e-04,7.213159e-06,6.807056e-06
S,107.0687,20,1.45,2.038718e-05,1.905602e-05,-1.971034e-05,-3.999072e-09,2.616253e-04,8.102927e-06,7.608714e-06
S,107.0687,20,1.5,2.502104e-05,2.325151e-05,-2.412001e-05,-5.324413e-09,3.145782e-04,9.073290e-06,8.476373e-06
S,107.0687,20,1.55,3.050549e-05,2.817791e-05,-2.931856e-05,-7.015035e-09,3.755513e-04,1.012963e-05,9.413661e-06
S,107.0687,20,1.6,3.696228e-05,3.393050e-05,-3.541389e-05,-9.152774e-09,4.453785e-04,1.127762e-05,1.042437e-05
S,107.0687,20,1.65,4.452601e-05,4.061293e-05,-4.252438e-05,-1.183384e-08,5.249431e-04,1.252328e-05,1.151245e-05
S,107.0687,20,1.7,5.334508e-05,4.833753e-05,-5.077947e-05,-1.517081e-08,6.151757e-04,1.387295e-05,1.268204e-05
S,107.0687,20,1.75,6.358268e-05,5.722564e-05,-6.032028e-05,-1.929443e-08,7.170619e-04,1.533333e-05,1.393749e-05
S,107.0687,20,1.8,7.541777e-05,6.740802e-05,-7.130025e-05,-2.435612e-08,8.316335e-04,1.691149e-05,1.528330e-05
S,107.0687,20,1.85,8.904607e-05,7.902513e-05,-8.388575e-05,-3.053021e-08,9.599734e-04,1.861492e-05,1.672421e-05
S,107.0687,20,1.9,1.046812e-04,9.222744e-05,-9.825676e-05,-3.801658e-08,1.103217e-03,2.045151e-05,1.826519e-05
S,107.0687,20,1.95,1.225558e-04,1.071758e-04,-1.146075e-04,-4.704304e-08,1.262556e-03,2.242960e-05,1.991140e-05
S,107.0687,20,2,1.429227e-04,1.240417e-04,-1.331472e-04,-5.786898e-08,1.439225e-03,2.455796e-05,2.166826e-05
S,107.0687,20,2.05,1.660560e-04,1.430075e-04,-1.541005e-04,-7.078788e-08,1.634518e-03,2.684589e-05,2.354145e-05
S,107.0687,20,2.1,1.922524e-04,1.642669e-04,-1.777084e-04,-8.613094e-08,1.849780e-03,2.930317e-05,2.553689e-05
S,107.0687,20,2.15,2.218326e-04,1.880251e-04,-2.042289e-04,-1.042704e-07,2.086409e-03,3.194013e-05,2.766076e-05
S,107.0687,20,2.2,2.551425e-04,2.144988e-04,-2.339376e-04,-1.256235e-07,2.345857e-03,3.476764e-05,2.991956e-05
S,107.0687,20,2.25,2.925542e-04,2.439170e-04,-2.671284e-04,-1.506561e-07,2.629626e-03,3.779719e-05,3.232005e-05
S,107.0687,20,2.3,3.344682e-04,2.765209e-04,-3.041143e-04,-1.798867e-07,2.939275e-03,4.104086e-05,3.486930e-05
S,107.0687,20,2.35,3.813143e-04,3.125638e-04,-3.452279e-04,-2.138912e-07,3.276419e-03,4.451140e-05,3.757470e-05
S,107.0687,20,2.4,4.335530e-04,3.523122e-04,-3.908224e-04,-2.533075e-07,3.642716e-03,4.822224e-05,4.044397e-05
S,107.0687,20,2.45,4.916775e-04,3.960449e-04,-4.412721e-04,-2.988382e-07,4.039894e-03,5.218749e-05,4.348515e-05
S,107.0687,20,2.5,5.562145e-04,4.440543e-04,-4.969729e-04,-3.512586e-07,4.469717e-03,5.642205e-05,4.670666e-05
S,107.0687,20,2.55,6.277268e-04,4.966454e-04,-5.583437e-04,-4.114184e-07,4.934020e-03,6.094157e-05,5.011726e-05
S,107.0687,20,2.6,7.068141e-04,5.541373e-04,-6.258262e-04,-4.802489e-07,5.434676e-03,6.576255e-05,5.372611e-05
S,107.0687,20,2.65,7.941153e-04,6.168619e-04,-6.998865e-04,-5.587656e-07,5.973632e-03,7.090232e-05,5.754273e-05
S,107.0687,20,2.7,8.903092e-04,6.851653e-04,-7.810150e-04,-6.480778e-07,6.552861e-03,7.637913e-05,6.157707e-05
S,107.0687,20,2.75,9.961179e-04,7.594072e-04,-8.697278e-04,-7.493886e-07,7.174416e-03,8.221216e-05,6.583948e-05
S,107.0687,20,2.8,1.112307e-03,8.399612e-04,-9.665667e-04,-8.640038e-07,7.840398e-03,8.842159e-05,7.034075e-05
S,107.0687,20,2.85,1.239688e-03,9.272149e-04,-1.072101e-03,-9.933354e-07,8.552949e-03,9.502861e-05,7.509212e-05
S,107.0687,20,2.9,1.379120e-03,1.021570e-03,-1.186926e-03,-1.138906e-06,9.314277e-03,1.020555e-04,8.010528e-05
S,107.0687,20,2.95,1.531513e-03,1.123443e-03,-1.311667e-03,-1.302356e-06,1.012664e-02,1.095257e-04,8.539239e-05
S,107.0687,20,3,1.697826e-03,1.233263e-03,-1.446976e-03,-1.485446e-06,1.099236e-02,1.174638e-04,9.096611e-05
S,107.0687,20,3.05,1.879074e-03,1.351476e-03,-1.593537e-03,-1.690062e-06,1.191379e-02,1.258956e-04,9.683960e-05
S,107.0687,20,3.1,2.076328e-03,1.478540e-03,-1.752062e-03,-1.918221e-06,1.289336e-02,1.348483e-04,1.030265e-04
S,107.0687,20,3.15,2.290711e-03,1.614928e-03,-1.923296e-03,-2.172072e-06,1.393354e-02,1.443503e-04,1.095411e-04
S,107.0687,20,3.2,2.523412e-03,1.761129e-03,-2.108011e-03,-2.453897e-06,1.503687e-02,1.544315e-04,1.163982e-04
S,107.0687,20,3.25,2.775678e-03,1.917646e-03,-2.307018e-03,-2.766124e-06,1.620591e-02,1.651234e-04,1.236131e-04
S,107.0687,20,3.3,3.048817e-03,2.084993e-03,-2.521153e-03,-3.111313e-06,1.744333e-02,1.764588e-04,1.312016e-04
S,107.0687,20,3.35,3.344208e-03,2.263704e-03,-2.751292e-03,-3.492170e-06,1.875180e-02,1.884723e-04,1.391805e-04
S,107.0687,20,3.4,3.663292e-03,2.454324e-03,-2.998339e-03,-3.911539e-06,2.013406e-02,2.012002e-04,1.475668e-04
S,107.0687,20,3.45,4.007580e-03,2.657414e-03,-3.263237e-03,-4.372407e-06,2.159293e-02,2.146805e-04,1.563783e-04
S,107.0687,20,3.5,4.378658e-03,2.873548e-03,-3.546962e-03,-4.877888e-06,2.313125e-02,2.289531e-04,1.656336e-04
S,107.0687,20,3.55,4.778180e-03,3.103317e-03,-3.850524e-03,-5.431234e-06,2.475193e-02,2.440598e-04,1.753518e-04
S,107.0687,20,3.6,5.207878e-03,3.347323e-03,-4.174972e-03,-6.035823e-06,2.645794e-02,2.600444e-04,1.855528e-04
S,107.0687,20,3.65,5.669561e-03,3.606186e-03,-4.521388e-03,-6.695150e-06,2.825230e-02,2.769529e-04,1.962572e-04
S,107.0687,20,3.7,6.165115e-03,3.880538e-03,-4.890894e-03,-7.412803e-06,3.013809e-02,2.948336e-04,2.074864e-04
S,107.0687,20,3.75,6.696506e-03,4.171026e-03,-5.284646e-03,-8.192480e-06,3.211841e-02,3.137368e-04,2.192624e-04
S,107.0687,20,3.8,7.265786e-03,4.478311e-03,-5.703840e-03,-9.037940e-06,3.419648e-02,3.337156e-04,2.316083e-04
S,107.0687,20,3.85,7.875089e-03,4.803068e-03,-6.149709e-03,-9.953014e-06,3.637554e-02,3.548255e-04,2.445478e-04
S,107.0687,20,3.9,8.526631e-03,5.145987e-03,-6.623524e-03,-1.094154e-05,3.865889e-02,3.771245e-04,2.581055e-04
S,107.0687,20,3.95,9.222720e-03,5.507771e-03,-7.126593e-03,-1.200741e-05,4.104986e-02,4.006736e-04,2.723069e-04
S,107.0687,20,4,9.965755e-03,5.889138e-03,-7.660267e-03,-1.315443e-05,4.355190e-02,4.255367e-04,2.871784e-04
S,107.0687,20,4.05,1.075822e-02,6.290816e-03,-8.225929e-03,-1.438638e-05,4.616847e-02,4.517806e-04,3.027474e-04
S,107.0687,20,4.1,1.160268e-02,6.713552e-03,-8.825007e-03,-1.570693e-05,4.890312e-02,4.794753e-04,3.190421e-04
S,107.0687,20,4.15,1.250182e-02,7.158102e-03,-9.458966e-03,-1.711961e-05,5.175942e-02,5.086944e-04,3.360920e-04
S,107.0687,20,4.2,1.345840e-02,7.625238e-03,-1.012931e-02,-1.862771e-05,5.474107e-02,5.395146e-04,3.539272e-04
S,107.0687,20,4.25,1.447527e-02,8.115740e-03,-1.083757e-02,-2.023426e-05,5.785175e-02,5.720165e-04,3.725792e-04
S,107.0687,20,4.3,1.555539e-02,8.630411e-03,-1.158535e-02,-2.194199e-05,6.109527e-02,6.062846e-04,3.920805e-04
S,107.0687,20,4.35,1.670180e-02,9.170053e-03,-1.237424e-02,-2.375313e-05,6.447549e-02,6.424073e-04,4.124648e-04
S,107.0687,20,4.4,1.791765e-02,9.735492e-03,-1.320592e-02,-2.566948e-05,6.799631e-02,6.804770e-04,4.337669e-04
S,107.0687,20,4.45,1.920619e-02,1.032756e-02,-1.408208e-02,-2.769218e-05,7.166171e-02,7.205910e-04,4.560227e-04
S,107.0687,20,4.5,2.057075e-02,1.094710e-02,-1.500445e-02,-2.982170e-05,7.547578e-02,7.628507e-04,4.792695e-04
S,107.0687,20,4.55,2.201476e-02,1.159496e-02,-1.597479e-02,-3.205757e-05,7.944264e-02,8.073627e-04,5.035460e-04
S,107.0687,20,4.6,2.354177e-02,1.227202e-02,-1.699492e-02,-3.439844e-05,8.356650e-02,8.542386e-04,5.288920e-04
S,107.0687,20,4.65,2.515538e-02,1.297916e-02,-1.806668e-02,-3.684172e-05,8.785162e-02,9.035953e-04,5.553488e-04
S,107.0687,20,4.7,2.685934e-02,1.371725e-02,-1.919193e-02,-3.938360e-05,9.230241e-02,9.555554e-04,5.829592e-04
S,107.0687,20,4.75,2.865745e-02,1.448720e-02,-2.037260e-02,-4.201872e-05,9.692327e-02,1.010247e-03,6.117673e-04
S,107.0687,20,4.8,3.055364e-02,1.528991e-02,-2.161062e-02,-4.473997e-05,1.017188e-01,1.067805e-03,6.418188e-04
S,107.0687,20,4.85,3.255188e-02,1.612630e-02,-2.290797e-02,-4.753836e-05,1.066935e-01,1.128370e-03,6.731612e-04
S,107.0687,20,4.9,3.465628e-02,1.699728e-02,-2.426665e-02,-5.040267e-05,1.118522e-01,1.192090e-03,7.058432e-04
S,107.0687,20,4.95,3.687102e-02,1.790379e-02,-2.568869e-02,-5.331913e-05,1.171998e-01,1.259121e-03,7.399157e-04
S,107.0687,20,5,3.920034e-02,1.884676e-02,-2.717615e-02,-5.627120e-05,1.227409e-01,1.329624e-03,7.754309e-04
S,107.0687,20,5.05,4.164861e-02,1.982713e-02,-2.873113e-02,-5.923926e-05,1.284809e-01,1.403770e-03,8.124431e-04
S,107.0687,20,5.1,4.422024e-02,2.084584e-02,-3.035572e-02,-6.219996e-05,1.344246e-01,1.481739e-03,8.510083e-04
S,107.0687,20,5.15,4.691971e-02,2.190386e-02,-3.205206e-02,-6.512625e-05,1.405775e-01,1.563716e-03,8.911846e-04
S,107.0687,20,5.2,4.975161e-02,2.300212e-02,-3.382231e-02,-6.798646e-05,1.469449e-01,1.649900e-03,9.330319e-04
S,107.0687,20,5.25,5.272056e-02,2.414159e-02,-3.566862e-02,-7.074406e-05,1.535322e-01,1.740497e-03,9.766123e-04
S,107.0687,20,5.3,5.583126e-02,2.532321e-02,-3.759318e-02,-7.335702e-05,1.603451e-01,1.835724e-03,1.021990e-03
S,107.0687,20,5.35,5.908845e-02,2.654794e-02,-3.959819e-02,-7.577716e-05,1.673894e-01,1.935809e-03,1.069232e-03
S,107.0687,20,5.4,6.249694e-02,2.781674e-02,-4.168586e-02,-7.794975e-05,1.746710e-01,2.040990e-03,1.118406e-03
S,107.0687,20,5.45,6.606156e-02,2.913055e-02,-4.385838e-02,-7.981218e-05,1.821960e-01,2.151518e-03,1.169584e-03
S,107.0687,20,5.5,6.978719e-02,3.049032e-02,-4.611799e-02,-8.129389e-05,1.899707e-01,2.267659e-03,1.222839e-03
S,107.0687,20,5.55,7.367875e-02,3.189700e-02,-4.846688e-02,-8.231470e-05,1.980014e-01,2.389689e-03,1.278247e-03
S,107.0687,20,5.6,7.774114e-02,3.335151e-02,-5.090726e-02,-8.277268e-05,2.062949e-01,2.517902e-03,1.335876e-03
S,107.0687,20,5.65,8.197933e-02,3.485477e-02,-5.344134e-02,-8.258798e-05,2.148578e-01,2.652601e-03,1.395828e-03
S,107.0687,20,5.7,8.639825e-02,3.640768e-02,-5.607129e-02,-8.163682e-05,2.236972e-01,2.794111e-03,1.458176e-03
S,107.0687,20,5.75,9.100284e-02,3.801115e-02,-5.879929e-02,-7.979147e-05,2.328204e-01,2.942770e-03,1.523009e-03
S,107.0687,20,5.8,9.579800e-02,3.966607e-02,-6.162748e-02,-7.690912e-05,2.422348e-01,3.098938e-03,1.590416e-03
S,107.0687,20,5.85,1.007887e-01,4.137330e-02,-6.455799e-02,-7.283010e-05,2.519482e-01,3.262990e-03,1.660489e-03
S,107.0687,20,5.9,1.059796e-01,4.313368e-02,-6.759288e-02,-6.737695e-05,2.619685e-01,3.435322e-03,1.733325e-03
S,107.0687,20,5.95,1.113757e-01,4.494805e-02,-7.073422e-02,-6.035121e-05,2.723040e-01,3.616355e-03,1.809024e-03
S,107.0687,20,6,1.169816e-01,4.681720e-02,-7.398400e-02,-5.153239e-05,2.829632e-01,3.806528e-03,1.887687e-03
S,107.0687,20,6.05,1.228020e-01,4.874190e-02,-7.734419e-02,-4.067589e-05,2.939552e-01,4.006306e-03,1.969422e-03
S,107.0687,20,6.1,1.288415e-01,5.072290e-02,-8.081667e-02,-2.750941e-05,3.052890e-01,4.216180e-03,2.054337e-03
S,107.0687,20,6.15,1.351044e-01,5.276091e-02,-8.440327e-02,-1.173177e-05,3.169743e-01,4.436668e-03,2.142545e-03
S,107.0687,20,6.2,1.415951e-01,5.485661e-02,-8.810575e-02,6.991724e-06,3.290209e-01,4.668319e-03,2.234165e-03
S,107.0687,20,6.25,1.483177e-01,5.701065e-02,-9.192580e-02,2.903130e-05,3.414393e-01,4.911709e-03,2.329315e-03
S,107.0687,20,6.3,1.552762e-01,5.922361e-02,-9.586501e-02,5.479603e-05,3.542402e-01,5.167452e-03,2.428121e-03
S,107.0687,20,6.35,1.624744e-01,6.149605e-02,-9.992485e-02,8.473949e-05,3.674347e-01,5.436192e-03,2.530711e-03
S,107.0687,20,6.4,1.699159e-01,6.382848e-02,-1.041067e-01,1.193616e-04,3.810347e-01,5.718616e-03,2.637219e-03
S,107.0687,20,6.45,1.776041e-01,6.622136e-02,-1.084119e-01,1.592147e-04,3.950524e-01,6.015448e-03,2.747780e-03
S,107.0687,20,6.5,1.855420e-01,6.867509e-02,-1.128416e-01,2.049106e-04,4.095004e-01,6.327455e-03,2.862536e-03
S,107.0687,20,6.55,1.937325e-01,7.119000e-02,-1.173968e-01,2.571210e-04,4.243923e-01,6.655453e-03,2.981632e-03
S,107.0687,20,6.6,2.021779e-01,7.376640e-02,-1.220783e-01,3.165908e-04,4.397417e-01,7.000304e-03,3.105217e-03
S,107.0687,20,6.65,2.108807e-01,7.640448e-02,-1.268869e-01,3.841369e-04,4.555635e-01,7.362926e-03,3.233447e-03
S,107.0687,20,6.7,2.198425e-01,7.910441e-02,-1.318232e-01,4.606629e-04,4.718728e-01,7.744290e-03,3.366480e-03
S,107.0687,20,6.75,2.290647e-01,8.186626e-02,-1.368874e-01,5.471641e-04,4.886858e-01,8.145433e-03,3.504479e-03
S,107.0687,20,6.8,2.385484e-01,8.469002e-02,-1.420799e-01,6.447363e-04,5.060191e-01,8.567453e-03,3.647613e-03
S,107.0687,20,6.85,2.482941e-01,8.757562e-02,-1.474005e-01,7.545868e-04,5.238906e-01,9.011519e-03,3.796053e-03
S,107.0687,20,6.9,2.583017e-01,9.052289e-02,-1.528491e-01,8.780441e-04,5.423186e-01,9.478878e-03,3.949978e-03
S,107.0687,20,6.95,2.685709e-01,9.353158e-02,-1.584251e-01,1.016573e-03,5.613228e-01,9.970857e-03,4.109570e-03
S,107.0687,20,7,2.791005e-01,9.660136e-02,-1.641279e-01,1.171785e-03,5.809234e-01,1.048887e-02,4.275014e-03
S,107.0687,20,7.05,2.898889e-01,9.973179e-02,-1.699565e-01,1.345453e-03,6.011422e-01,1.103443e-02,4.446504e-03
S,107.0687,20,7.1,3.009337e-01,1.029223e-01,-1.759096e-01,1.539532e-03,6.220017e-01,1.160914e-02,4.624235e-03
S,107.0687,20,7.15,3.122320e-01,1.061723e-01,-1.819857e-01,1.756168e-03,6.435259e-01,1.221472e-02,4.808407e-03
S,107.0687,20,7.2,3.237799e-01,1.094811e-01,-1.881830e-01,1.997733e-03,6.657398e-01,1.285303e-02,4.999226e-03
S,107.0687,20,7.25,3.355732e-01,1.128477e-01,-1.944993e-01,2.266826e-03,6.886702e-01,1.352601e-02,5.196901e-03
S,107.0687,20,7.3,3.476062e-01,1.162712e-01,-2.009321e-01,2.566316e-03,7.123449e-01,1.423580e-02,5.401647e-03
S,107.0687,20,7.35,3.598730e-01,1.197506e-01,-2.074785e-01,2.899361e-03,7.367933e-01,1.498464e-02,5.613681e-03
S,107.0687,20,7.4,3.723663e-01,1.232847e-01,-2.141354e-01,3.269433e-03,7.620467e-01,1.577495e-02,5.833226e-03
S,107.0687,20,7.45,3.850781e-01,1.268722e-01,-2.208991e-01,3.680363e-03,7.881380e-01,1.660935e-02,6.060506e-03
S,107.0687,20,7.5,3.979995e-01,1.305117e-01,-2.277656e-01,4.136358e-03,8.151019e-01,1.749062e-02,6.295749e-03
S,107.0687,20,7.55,4.111203e-01,1.342015e-01,-2.347304e-01,4.642062e-03,8.429753e-01,1.842178e-02,6.539189e-03
S,107.0687,20,7.6,4.244293e-01,1.379402e-01,-2.417886e-01,5.202590e-03,8.717968e-01,1.940605e-02,6.791059e-03
S,107.0687,20,7.65,4.379144e-01,1.417259e-01,-2.489350e-01,5.823571e-03,9.016078e-01,2.044692e-02,7.051596e-03
S,107.0687,20,7.7,4.515620e-01,1.455567e-01,-2.561636e-01,6.511215e-03,9.324513e-01,2.154815e-02,7.321039e-03
S,107.0687,20,7.75,4.653577e-01,1.494307e-01,-2.634682e-01,7.272360e-03,9.643737e-01,2.271379e-02,7.599626e-03
S,107.0687,20,7.8,4.792860e-01,1.533458e-01,-2.708419e-01,8.114550e-03,9.974236e-01,2.394823e-02,7.887597e-03
S,107.0687,20,7.85,4.933297e-01,1.572997e-01,-2.782774e-01,9.046108e-03,1.031652e+00,2.525618e-02,8.185193e-03
S,107.0687,20,7.9,5.074709e-01,1.612901e-01,-2.857667e-01,1.007621e-02,1.067115e+00,2.664279e-02,8.492653e-03
S,107.0687,20,7.95,5.216906e-01,1.653147e-01,-2.933015e-01,1.121498e-02,1.103869e+00,2.811359e-02,8.810213e-03
S,107.0687,20,8,5.359686e-01,1.693709e-01,-3.008727e-01,1.247360e-02,1.141975e+00,2.967460e-02,9.138109e-03
S,107.0687,30,0.05,3.375369e-14,3.347604e-14,-3.361458e-14,-6.487466e-19,1.310330e-09,2.257469e-10,2.238902e-10
S,107.0687,30,0.1,2.158602e-12,2.145525e-12,-2.152053e-12,-3.056211e-17,7.712984e-09,1.805468e-09,1.794535e-09
S,107.0687,30,0.15,2.457196e-11,2.446702e-11,-2.451943e-11,-2.453498e-16,1.833950e-08,6.094378e-09,6.068370e-09
S,107.0687,30,0.2,1.379873e-10,1.375930e-10,-1.377900e-10,-9.222109e-16,2.907093e-08,1.445435e-08,1.441310e-08
S,107.0687,30,0.25,5.261527e-10,5.252001e-10,-5.256762e-10,-2.229019e-15,3.595814e-08,2.825976e-08,2.820870e-08
S,107.0687,30,0.3,1.570566e-09,1.568804e-09,-1.569685e-09,-4.124607e-15,3.850051e-08,4.890329e-08,4.884858e-08
S,107.0687,30,0.35,3.959468e-09,3.956364e-09,-3.957916e-09,-7.270433e-15,4.272310e-08,7.780184e-08,7.774107e-08
S,107.0687,30,0.4,8.821253e-09,8.814294e-09,-8.817773e-09,-1.630526e-14,6.415301e-08,1.164024e-07,1.163111e-07
S,107.0687,30,0.45,1.788248e-08,1.786230e-08,-1.787239e-08,-4.727560e-14,1.306695e-07,1.661881e-07,1.660019e-07
S,107.0687,30,0.5,3.365072e-08,3.359035e-08,-3.362052e-08,-1.415249e-13,2.851034e-07,2.286844e-07,2.282776e-07
S,107.0687,30,0.55,5.962252e-08,5.945694e-08,-5.953967e-08,-3.884515e-13,5.878311e-07,3.054648e-07,3.046249e-07
S,107.0687,30,0.6,1.005169e-07,1.001077e-07,-1.003121e-07,-9.604453e-13,1.119219e-06,3.981579e-07,3.965565e-07
S,107.0687,30,0.65,1.625342e-07,1.616136e-07,-1.620732e-07,-2.162711e-12,1.981892e-06,5.084533e-07,5.056131e-07
S,107.0687,30,0.7,2.536422e-07,2.517268e-07,-2.526827e-07,-4.502430e-12,3.303044e-06,6.381086e-07,6.333670e-07
S,107.0687,30,0.75,3.838872e-07,3.801549e-07,-3.820164e-07,-8.780672e-12,5.236066e-06,7.889559e-07,7.814253e-07
S,107.0687,30,0.8,5.657337e-07,5.588492e-07,-5.622808e-07,-1.620935e-11,7.963277e-06,9.629089e-07,9.514335e-07
S,107.0687,30,0.85,8.144306e-07,8.023097e-07,-8.083473e-07,-2.856416e-11,1.169685e-05,1.161971e-06,1.145079e-06
S,107.0687,30,0.9,1.148406e-06,1.127902e-06,-1.138108e-06,-4.836658e-11,1.668165e-05,1.388240e-06,1.364094e-06
S,107.0687,30,0.95,1.589691e-06,1.556186e-06,-1.572849e-06,-7.911223e-11,2.319576e-05,1.643920e-06,1.610264e-06
S,107.0687,30,1,2.164370e-06,2.111257e-06,-2.137648e-06,-1.255456e-10,3.155283e-05,1.931326e-06,1.885425e-06
S,107.0687,30,1.05,2.903066e-06,2.821095e-06,-2.861786e-06,-1.939762e-10,4.210343e-05,2.252894e-06,2.191476e-06
S,107.0687,30,1.1,3.841448e-06,3.717920e-06,-3.779178e-06,-2.926630e-10,5.523618e-05,2.611187e-06,2.530377e-06
S,107.0687,30,1.15,5.020779e-06,4.838558e-06,-4.928825e-06,-4.322586e-10,7.137939e-05,3.008909e-06,2.904158e-06
S,107.0687,30,1.2,6.488488e-06,6.224812e-06,-6.355280e-06,-6.263112e-10,9.100158e-05,3.448909e-06,3.314923e-06
S,107.0687,30,1.25,8.298776e-06,7.923829e-06,-8.109131e-06,-8.918504e-10,1.146141e-04,3.934191e-06,3.764858e-06
S,107.0687,30,1.3,1.051326e-05,9.988481e-06,-1.024750e-05,-1.250053e-09,1.427706e-04,4.467929e-06,4.256229e-06
S,107.0687,30,1.35,1.320164e-05,1.247774e-05,-1.283457e-05,-1.726969e-09,1.760690e-04,5.053470e-06,4.791398e-06
S,107.0687,30,1.4,1.644239e-05,1.545707e-05,-1.594210e-05,-2.354412e-09,2.151515e-04,5.694352e-06,5.372820e-06
S,107.0687,30,1.45,2.032356e-05,1.899876e-05,-1.964997e-05,-3.170821e-09,2.607071e-04,6.394309e-06,6.003056e-06
S,107.0687,30,1.5,2.494347e-05,2.318234e-05,-2.404675e-05,-4.222349e-09,3.134717e-04,7.157286e-06,6.684774e-06
S,107.0687,30,1.55,3.041157e-05,2.809498e-05,-2.923028e-05,-5.564050e-09,3.742263e-04,7.987453e-06,7.420759e-06
S,107.0687,30,1.6,3.684929e-05,3.383176e-05,-3.530823e-05,-7.261038e-09,4.438024e-04,8.889211e-06,8.213917e-06
S,107.0687,30,1.65,4.439091e-05,4.049612e-05,-4.239871e-05,-9.389962e-09,5.230813e-04,9.867211e-06,9.067283e-06
S,107.0687,30,1.7,5.318450e-05,4.820019e-05,-5.063091e-05,-1.204055e-08,6.129876e-04,1.092637e-05,9.984029e-06
S,107.0687,30,1.75,6.339285e-05,5.706513e-05,-6.014564e-05,-1.531714e-08,7.145028e-04,1.207186e-05,1.096747e-05
S,107.0687,30,1.8,7.519451e-05,6.722147e-05,-7.109606e-05,-1.934060e-08,8.286556e-04,1.330918e-05,1.202107e-05
S,107.0687,30,1.85,8.878481e-05,7.880948e-05,-8.364824e-05,-2.425031e-08,9.565237e-04,1.464411e-05,1.314845e-05
S,107.0687,30,1.9,1.043769e-04,9.197944e-05,-9.798186e-05,-3.020595e-08,1.099240e-03,1.608275e-05,1.435340e-05
S,107.0687,30,1.95,1.222031e-04,1.068920e-04,-1.142908e-04,-3.739022e-08,1.257987e-03,1.763155e-05,1.563987e-05
S,107.0687,30,2,1.425155e-04,1.237185e-04,-1.327840e-04,-4.601091e-08,1.433997e-03,1.929732e-05,1.701201e-05
S,107.0687,30,2.05,1.655878e-04,1.426411e-04,-1.536858e-04,-5.630375e-08,1.628556e-03,2.108723e-05,1.847414e-05
S,107.0687,30,2.1,1.917164e-04,1.638534e-04,-1.772370e-04,-6.853458e-08,1.843008e-03,2.300884e-05,2.003080e-05
S,107.0687,30,2.15,2.212213e-04,1.875604e-04,-2.036951e-04,-8.300323e-08,2.078739e-03,2.507015e-05,2.168669e-05
S,107.0687,30,2.2,2.544477e-04,2.139788e-04,-2.333356e-04,-1.000459e-07,2.337194e-03,2.727957e-05,2.344678e-05
S,107.0687,30,2.25,2.917676e-04,2.433376e-04,-2.664520e-04,-1.200386e-07,2.619874e-03,2.964598e-05,2.531621e-05
S,107.0687,30,2.3,3.335807e-04,2.758777e-04,-3.033572e-04,-1.434008e-07,2.928326e-03,3.217871e-05,2.730038e-05
S,107.0687,30,2.35,3.803163e-04,3.118528e-04,-3.443835e-04,-1.705987e-07,3.264153e-03,3.488762e-05,2.940493e-05
S,107.0687,30,2.4,4.324345e-04,3.515292e-04,-3.898841e-04,-2.021500e-07,3.629012e-03,3.778309e-05,3.163572e-05
S,107.0687,30,2.45,4.904279e-04,3.951861e-04,-4.402329e-04,-2.386261e-07,4.024615e-03,4.087604e-05,3.399889e-05
S,107.0687,30,2.5,5.548230e-04,4.431157e-04,-4.958262e-04,-2.806586e-07,4.452729e-03,4.417796e-05,3.650085e-05
S,107.0687,30,2.55,6.261822e-04,4.956238e-04,-5.570825e-04,-3.289413e-07,4.915167e-03,4.770097e-05,3.914826e-05
S,107.0687,30,2.6,7.051048e-04,5.530293e-04,-6.244440e-04,-3.842364e-07,5.413799e-03,5.145778e-05,4.194809e-05
S,107.0687,30,2.65,7.922291e-04,6.156652e-04,-6.983765e-04,-4.473785e-07,5.950545e-03,5.546181e-05,4.490759e-05
S,107.0687,30,2.7,8.882344e-04,6.838775e-04,-7.793711e-04,-5.192793e-07,6.527395e-03,5.972715e-05,4.803431e-05
S,107.0687,30,2.75,9.938422e-04,7.580269e-04,-8.679440e-04,-6.009326e-07,7.146374e-03,6.426859e-05,5.133612e-05
S,107.0687,30,2.8,1.109818e-03,8.384878e-04,-9.646378e-04,-6.934186e-07,7.809558e-03,6.910173e-05,5.482123e-05
S,107.0687,30,2.85,1.236974e-03,9.256486e-04,-1.070022e-03,-7.979104e-07,8.519096e-03,7.424292e-05,5.849816e-05
S,107.0687,30,2.9,1.376170e-03,1.019912e-03,-1.184693e-03,-9.156775e-07,9.277172e-03,7.970936e-05,6.237579e-05
S,107.0687,30,2.95,1.528315e-03,1.121696e-03,-1.309278e-03,-1.048092e-06,1.008603e-02,8.551911e-05,6.646335e-05
S,107.0687,30,3,1.694372e-03,1.231431e-03,-1.444429e-03,-1.196632e-06,1.094798e-02,9.169114e-05,7.077043e-05
S,107.0687,30,3.05,1.875353e-03,1.349564e-03,-1.590832e-03,-1.362890e-06,1.186536e-02,9.824539e-05,7.530703e-05
S,107.0687,30,3.1,2.072331e-03,1.476554e-03,-1.749200e-03,-1.548572e-06,1.284058e-02,1.052028e-04,8.008351e-05
S,107.0687,30,3.15,2.286434e-03,1.612879e-03,-1.920280e-03,-1.755510e-06,1.387609e-02,1.125852e-04,8.511064e-05
S,107.0687,30,3.2,2.518849e-03,1.759028e-03,-2.104848e-03,-1.985660e-06,1.497440e-02,1.204158e-04,9.039961e-05
S,107.0687,30,3.25,2.770826e-03,1.915504e-03,-2.303714e-03,-2.241107e-06,1.613808e-02,1.287186e-04,9.596205e-05
S,107.0687,30,3.3,3.043678e-03,2.082829e-03,-2.517721e-03,-2.524070e-06,1.736975e-02,1.375190e-04,1.018100e-04
S,107.0687,30,3.35,3.338784e-03,2.261536e-03,-2.747744e-03,-2.836910e-06,1.867207e-02,1.468437e-04,1.079560e-04
S,107.0687,30,3.4,3.657591e-03,2.452175e-03,-2.994694e-03,-3.182119e-06,2.004777e-02,1.567205e-04,1.144130e-04
S,107.0687,30,3.45,4.001614e-03,2.655308e-03,-3.259517e-03,-3.562346e-06,2.149962e-02,1.671787e-04,1.211944e-04
S,107.0687,30,3.5,4.372442e-03,2.871516e-03,-3.543192e-03,-3.980368e-06,2.303045e-02,1.782488e-04,1.283143e-04
S,107.0687,30,3.55,4.771737e-03,3.101393e-03,-3.846736e-03,-4.439115e-06,2.464315e-02,1.899630e-04,1.357871e-04
S,107.0687,30,3.6,5.201236e-03,3.345545e-03,-4.171202e-03,-4.941658e-06,2.634064e-02,2.023550e-04,1.436277e-04
S,107.0687,30,3.65,5.662755e-03,3.604596e-03,-4.517680e-03,-5.491215e-06,2.812593e-02,2.154601e-04,1.518518e-04
S,107.0687,30,3.7,6.158188e-03,3.879185e-03,-4.887296e-03,-6.091130e-06,3.000205e-02,2.293152e-04,1.604755e-04
S,107.0687,30,3.75,6.689512e-03,4.169964e-03,-5.281216e-03,-6.744898e-06,3.197210e-02,2.439590e-04,1.695153e-04
S,107.0687,30,3.8,7.258787e-03,4.477600e-03,-5.700643e-03,-7.456123e-06,3.403924e-02,2.594321e-04,1.789886e-04
S,107.0687,30,3.85,7.868158e-03,4.802775e-03,-6.146819e-03,-8.228552e-06,3.620668e-02,2.757769e-04,1.889133e-04
S,107.0687,30,3.9,8.519855e-03,5.146187e-03,-6.621024e-03,-9.066017e-06,3.847766e-02,2.930380e-04,1.993079e-04
S,107.0687,30,3.95,9.216203e-03,5.508544e-03,-7.124579e-03,-9.972458e-06,4.085553e-02,3.112618e-04,2.101915e-04
S,107.0687,30,4,9.959607e-03,5.890573e-03,-7.658842e-03,-1.095190e-05,4.334365e-02,3.304972e-04,2.215840e-04
S,107.0687,30,4.05,1.075258e-02,6.293013e-03,-8.225215e-03,-1.200842e-05,4.594547e-02,3.507952e-04,2.335059e-04
S,107.0687,30,4.1,1.159770e-02,6.716618e-03,-8.825134e-03,-1.314613e-05,4.866444e-02,3.722092e-04,2.459784e-04
S,107.0687,30,4.15,1.249767e-02,7.162154e-03,-9.460080e-03,-1.436917e-05,5.150416e-02,3.947952e-04,2.590236e-04
S,107.0687,30,4.2,1.345528e-02,7.630403e-03,-1.013157e-02,-1.568163e-05,5.446823e-02,4.186118e-04,2.726641e-04
S,107.0687,30,4.25,1.447340e-02,8.122162e-03,-1.084117e-02,-1.708761e-05,5.756028e-02,4.437202e-04,2.869235e-04
S,107.0687,30,4.3,1.555502e-02,8.638237e-03,-1.159047e-02,-1.859107e-05,6.078409e-02,4.701845e-04,3.018261e-04
S,107.0687,30,4.35,1.670321e-02,9.179449e-03,-1.238112e-02,-2.019582e-05,6.414343e-02,4.980720e-04,3.173971e-04
S,107.0687,30,4.4,1.792115e-02,9.746636e-03,-1.321478e-02,-2.190549e-05,6.764214e-02,5.274528e-04,3.336624e-04
S,107.0687,30,4.45,1.921213e-02,1.034064e-02,-1.409319e-02,-2.372351e-05,7.128421e-02,5.584006e-04,3.506490e-04
S,107.0687,30,4.5,2.057952e-02,1.096233e-02,-1.501810e-02,-2.565293e-05,7.507359e-02,5.909923e-04,3.683848e-04
S,107.0687,30,4.55,2.202679e-02,1.161257e-02,-1.599130e-02,-2.769644e-05,7.901433e-02,6.253085e-04,3.868985e-04
S,107.0687,30,4.6,2.355753e-02,1.229224e-02,-1.701462e-02,-2.985623e-05,8.311062e-02,6.614334e-04,4.062197e-04
S,107.0687,30,4.65,2.517541e-02,1.300225e-02,-1.808995e-02,-3.213394e-05,8.736663e-02,6.994554e-04,4.263794e-04
S,107.0687,30,4.7,2.688421e-02,1.374349e-02,-1.921919e-02,-3.453050e-05,9.178665e-02,7.394668e-04,4.474093e-04
S,107.0687,30,4.75,2.868780e-02,1.451688e-02,-2.040428e-02,-3.704613e-05,9.637506e-02,7.815642e-04,4.693423e-04
S,107.0687,30,4.8,3.059016e-02,1.532336e-02,-2.164720e-02,-3.968001e-05,1.011363e-01,8.258490e-04,4.922124e-04
S,107.0687,30,4.85,3.259537e-02,1.616386e-02,-2.294997e-02,-4.243036e-05,1.060749e-01,8.724271e-04,5.160547e-04
S,107.0687,30,4.9,3.470757e-02,1.703931e-02,-2.431463e-02,-4.529406e-05,1.111955e-01,9.214095e-04,5.409055e-04
S,107.0687,30,4.95,3.693104e-02,1.795069e-02,-2.574327e-02,-4.826664e-05,1.165028e-01,9.729123e-04,5.668025e-04
S,107.0687,30,5,3.927011e-02,1.889894e-02,-2.723798e-02,-5.134203e-05,1.220016e-01,1.027057e-03,5.937844e-04
S,107.0687,30,5.05,4.172922e-02,1.988503e-02,-2.880091e-02,-5.451228e-05,1.276969e-01,1.083972e-03,6.218913e-04
S,107.0687,30,5.1,4.431289e-02,2.090994e-02,-3.043422e-02,-5.776735e-05,1.335936e-01,1.143789e-03,6.511648e-04
S,107.0687,30,5.15,4.702573e-02,2.197466e-02,-3.214010e-02,-6.109495e-05,1.396969e-01,1.206650e-03,6.816478e-04
S,107.0687,30,5.2,4.987240e-02,2.308016e-02,-3.392076e-02,-6.448010e-05,1.460121e-01,1.272700e-03,7.133845e-04
S,107.0687,30,5.25,5.285768e-02,2.422743e-02,-3.577844e-02,-6.790480e-05,1.525444e-01,1.342093e-03,7.464207e-04
S,107.0687,30,5.3,5.598638e-02,2.541745e-02,-3.771539e-02,-7.134784e-05,1.592995e-01,1.414990e-03,7.808040e-04
S,107.0687,30,5.35,5.926340e-02,2.665123e-02,-3.973387e-02,-7.478414e-05,1.662829e-01,1.491560e-03,8.165830e-04
S,107.0687,30,5.4,6.269367e-02,2.792975e-02,-4.183617e-02,-7.818462e-05,1.735004e-01,1.571980e-03,8.538085e-04
S,107.0687,30,5.45,6.628219e-02,2.925401e-02,-4.402459e-02,-8.151539e-05,1.809580e-01,1.656436e-03,8.925327e-04
S,107.0687,30,5.5,7.003402e-02,3.062498e-02,-4.630141e-02,-8.473753e-05,1.886617e-01,1.745122e-03,9.328096e-04
S,107.0687,30,5.55,7.395426e-02,3.204366e-02,-4.866894e-02,-8.780645e-05,1.966178e-01,1.838243e-03,9.746951e-04
S,107.0687,30,5.6,7.804800e-02,3.351101e-02,-5.112948e-02,-9.067100e-05,2.048328e-01,1.936014e-03,1.018247e-03
S,107.0687,30,5.65,8.232039e-02,3.502802e-02,-5.368535e-02,-9.326335e-05,2.133134e-01,2.038662e-03,1.063516e-03
S,107.0687,30,5.7,8.677661e-02,3.659564e-02,-5.633882e-02,-9.553517e-05,2.220662e-01,2.146419e-03,1.110580e-03
S,107.0687,30,5.75,9.142182e-02,3.821480e-02,-5.909217e-02,-9.740364e-05,2.310984e-01,2.259537e-03,1.159494e-03
S,107.0687,30,5.8,9.626117e-02,3.988646e-02,-6.194767e-02,-9.878409e-05,2.404171e-01,2.378277e-03,1.210325e-03
S,107.0687,30,5.85,1.012998e-01,4.161154e-02,-6.490756e-02,-9.958212e-05,2.500299e-01,2.502914e-03,1.263140e-03
S,107.0687,30,5.9,1.065429e-01,4.339094e-02,-6.797406e-02,-9.969056e-05,2.599447e-01,2.633736e-03,1.318010e-03
S,107.0687,30,5.95,1.119954e-01,4.522555e-02,-7.114936e-02,-9.899022e-05,2.701693e-01,2.771049e-03,1.375005e-03
S,107.0687,30,6,1.176625e-01,4.711621e-02,-7.443558e-02,-9.734679e-05,2.807122e-01,2.915172e-03,1.434203e-03
S,107.0687,30,6.05,1.235491e-01,4.906380e-02,-7.783484e-02,-9.461058e-05,2.915819e-01,3.066442e-03,1.495678e-03
S,107.0687,30,6.1,1.296600e-01,5.106909e-02,-8.134918e-02,-9.061500e-05,3.027874e-01,3.225215e-03,1.559511e-03
S,107.0687,30,6.15,1.360001e-01,5.313289e-02,-8.498061e-02,-8.517307e-05,3.143380e-01,3.391865e-03,1.625784e-03
S,107.0687,30,6.2,1.425740e-01,5.525594e-02,-8.873104e-02,-7.807787e-05,3.262433e-01,3.566787e-03,1.694581e-03
S,107.0687,30,6.25,1.493863e-01,5.743895e-02,-9.260231e-02,-6.909869e-05,3.385133e-01,3.750397e-03,1.765991e-03
S,107.0687,30,6.3,1.564414e-01,5.968259e-02,-9.659622e-02,-5.797930e-05,3.511586e-01,3.943135e-03,1.840101e-03
S,107.0687,30,6.35,1.637434e-01,6.198750e-02,-1.007145e-01,-4.443550e-05,3.641899e-01,4.145465e-03,1.917007e-03
S,107.0687,30,6.4,1.712965e-01,6.435429e-02,-1.049586e-01,-2.815164e-05,3.776187e-01,4.357877e-03,1.996802e-03
S,107.0687,30,6.45,1.791044e-01,6.678346e-02,-1.093301e-01,-8.778859e-06,3.914568e-01,4.580890e-03,2.079585e-03
S,107.0687,30,6.5,1.871706e-01,6.927552e-02,-1.138304e-01,1.407031e-05,4.057165e-01,4.815050e-03,2.165459e-03
S,107.0687,30,6.55,1.954986e-01,7.183088e-02,-1.184607e-01,4.082391e-05,4.204109e-01,5.060940e-03,2.254527e-03
S,107.0687,30,6.6,2.040912e-01,7.444995e-02,-1.232220e-01,7.195583e-05,4.355534e-01,5.319172e-03,2.346896e-03
S,107.0687,30,6.65,2.129512e-01,7.713300e-02,-1.281154e-01,1.079888e-04,4.511582e-01,5.590397e-03,2.442678e-03
S,107.0687,30,6.7,2.220810e-01,7.988029e-02,-1.331416e-01,1.495023e-04,4.672402e-01,5.875305e-03,2.541985e-03
S,107.0687,30,6.75,2.314824e-01,8.269198e-02,-1.383012e-01,1.971341e-04,4.838150e-01,6.174628e-03,2.644935e-03
S,107.0687,30,6.8,2.411570e-01,8.556818e-02,-1.435947e-01,2.515902e-04,5.008988e-01,6.489141e-03,2.751647e-03
S,107.0687,30,6.85,2.511059e-01,8.850890e-02,-1.490222e-01,3.136489e-04,5.185088e-01,6.819671e-03,2.862244e-03
S,107.0687,30,6.9,2.613297e-01,9.151407e-02,-1.545839e-01,3.841685e-04,5.366630e-01,7.167092e-03,2.976854e-03
S,107.0687,30,6.95,2.718284e-01,9.458353e-02,-1.602795e-01,4.640962e-04,5.553805e-01,7.532337e-03,3.095604e-03
S,107.0687,30,7,2.826014e-01,9.771706e-02,-1.661084e-01,5.544779e-04,5.746810e-01,7.916399e-03,3.218627e-03
S,107.0687,30,7.05,2.936476e-01,1.009143e-01,-1.720701e-01,6.564642e-04,5.945857e-01,8.320333e-03,3.346060e-03
S,107.0687,30,7.1,3.049652e-01,1.041748e-01,-1.781634e-01,7.713250e-04,6.151165e-01,8.745266e-03,3.478041e-03
S,107.0687,30,7.15,3.165515e-01,1.074981e-01,-1.843872e-01,9.004610e-04,6.362968e-01,9.192398e-03,3.614711e-03
S,107.0687,30,7.2,3.284032e-01,1.108835e-01,-1.907397e-01,1.045415e-03,6.581512e-01,9.663012e-03,3.756216e-03
S,107.0687,30,7.25,3.405162e-01,1.143302e-01,-1.972191e-01,1.207887e-03,6.807055e-01,1.015848e-02,3.902704e-03
S,107.0687,30,7.3,3.528852e-01,1.178374e-01,-2.038230e-01,1.389753e-03,7.039871e-01,1.068026e-02,4.054324e-03
S,107.0687,30,7.35,3.655044e-01,1.214041e-01,-2.105488e-01,1.593077e-03,7.280249e-01,1.122992e-02,4.211229e-03
S,107.0687,30,7.4,3.783665e-01,1.250292e-01,-2.173933e-01,1.820139e-03,7.528495e-01,1.180913e-02,4.373575e-03
S,107.0687,30,7.45,3.914633e-01,1.287115e-01,-2.243532e-01,2.073447e-03,7.784931e-01,1.241971e-02,4.541521e-03
S,107.0687,30,7.5,4.047855e-01,1.324497e-01,-2.314245e-01,2.355772e-03,8.049899e-01,1.306357e-02,4.715224e-03
S,107.0687,30,7.55,4.183225e-01,1.362422e-01,-2.386027e-01,2.670164e-03,8.323761e-01,1.374278e-02,4.894848e-03
S,107.0687,30,7.6,4.320621e-01,1.400876e-01,-2.458831e-01,3.019988e-03,8.606899e-01,1.445957e-02,5.080555e-03
S,107.0687,30,7.65,4.459913e-01,1.439841e-01,-2.532601e-01,3.408956e-03,8.899721e-01,1.521633e-02,5.272510e-03
S,107.0687,30,7.7,4.600947e-01,1.479298e-01,-2.607278e-01,3.841167e-03,9.202654e-01,1.601564e-02,5.470877e-03
S,107.0687,30,7.75,4.743562e-01,1.519229e-01,-2.682798e-01,4.321135e-03,9.516157e-01,1.686027e-02,5.675823e-03
S,107.0687,30,7.8,4.887572e-01,1.559612e-01,-2.759087e-01,4.853849e-03,9.840711e-01,1.775323e-02,5.887513e-03
S,107.0687,30,7.85,5.032780e-01,1.600425e-01,-2.836069e-01,5.444817e-03,1.017683e+00,1.869773e-02,6.106113e-03
S,107.0687,30,7.9,5.178967e-01,1.641647e-01,-2.913660e-01,6.100122e-03,1.052507e+00,1.969728e-02,6.331786e-03
S,107.0687,30,7.95,5.325892e-01,1.683251e-01,-2.991766e-01,6.826477e-03,1.088599e+00,2.075566e-02,6.564695e-03
S,107.0687,30,8,5.473296e-01,1.725214e-01,-3.070290e-01,7.631310e-03,1.126022e+00,2.187696e-02,6.805001e-03
C,53.5344,0,0.05,5.446978e-13,5.401989e-13,-5.424437e-13,-4.483393e-17,2.641200e-09,1.934194e-09,1.918224e-09
C,53.5344,0,0.1,3.483200e-11,3.462012e-11,-3.472590e-11,-2.112435e-15,1.554811e-08,1.548876e-08,1.539466e-08
C,53.5344,0,0.15,3.964602e-10,3.947599e-10,-3.956091e-10,-1.696412e-14,3.697242e-08,5.239273e-08,5.216868e-08
C,53.5344,0,0.2,2.226050e-09,2.219661e-09,-2.222853e-09,-6.379044e-14,5.861657e-08,1.246293e-07,1.242734e-07
C,53.5344,0,0.25,8.486441e-09,8.471009e-09,-8.478722e-09,-1.542455e-13,7.252406e-08,2.445862e-07,2.441449e-07
C,53.5344,0,0.3,2.532620e-08,2.529766e-08,-2.531192e-08,-2.856835e-13,7.766205e-08,4.252087e-07,4.247349e-07
C,53.5344,0,0.35,6.383115e-08,6.378088e-08,-6.380601e-08,-5.039770e-13,8.619091e-08,6.801560e-07,6.796284e-07
C,53.5344,0,0.4,1.421641e-07,1.420514e-07,-1.421078e-07,-1.130807e-12,1.295210e-07,1.023961e-06,1.023166e-06
C,53.5344,0,0.45,2.880932e-07,2.877667e-07,-2.879299e-07,-3.283323e-12,2.638211e-07,1.472199e-06,1.470572e-06
C,53.5344,0,0.5,5.419096e-07,5.409329e-07,-5.414210e-07,-9.840523e-12,5.758097e-07,2.041653e-06,2.038086e-06
C,53.5344,0,0.55,9.597359e-07,9.570569e-07,-9.583954e-07,-2.704537e-11,1.187861e-06,2.750502e-06,2.743105e-06
C,53.5344,0,0.6,1.617225e-06,1.610607e-06,-1.613913e-06,-6.696450e-11,2.262712e-06,3.618499e-06,3.604332e-06
C,53.5344,0,0.65,2.613651e-06,2.598765e-06,-2.606197e-06,-1.510267e-10,4.008942e-06,4.667177e-06,4.641923e-06
C,53.5344,0,0.7,4.076397e-06,4.045439e-06,-4.060888e-06,-3.149421e-10,6.684893e-06,5.920047e-06,5.877658e-06
C,53.5344,0,0.75,6.165832e-06,6.105528e-06,-6.135606e-06,-6.152640e-10,1.060391e-05,7.402822e-06,7.335105e-06
C,53.5344,0,0.8,9.080582e-06,8.969396e-06,-9.024817e-06,-1.137942e-09,1.613709e-05,9.143645e-06,9.039806e-06
C,53.5344,0,0.85,1.306320e-05,1.286754e-05,-1.296500e-05,-2.009255e-09,2.371960e-05,1.117334e-05,1.101946e-05
C,53.5344,0,0.9,1.840625e-05,1.807540e-05,-1.824007e-05,-3.409195e-09,3.385300e-05,1.352566e-05,1.330412e-05
C,53.5344,0,0.95,2.545871e-05,2.491836e-05,-2.518709e-05,-5.588404e-09,4.710933e-05,1.623758e-05,1.592643e-05
C,53.5344,0,1,3.463290e-05,3.377678e-05,-3.420216e-05,-8.888067e-09,6.413505e-05,1.934959e-05,1.892180e-05
C,53.5344,0,1.05,4.641165e-05,4.509115e-05,-4.574662e-05,-1.376402e-08,8.565511e-05,2.290597e-05,2.232870e-05
C,53.5344,0,1.1,6.135598e-05,5.936726e-05,-6.035341e-05,-2.081563e-08,1.124748e-04,2.695522e-05,2.618886e-05
C,53.5344,0,1.15,8.011312e-05,7.718139e-05,-7.863356e-05,-3.081820e-08,1.454857e-04,3.155031e-05,3.054755e-05
C,53.5344,0,1.2,1.034249e-04,9.918554e-05,-1.012830e-04,-4.476212e-08,1.856662e-04,3.674915e-05,3.545388e-05
C,53.5344,0,1.25,1.321364e-04,1.261125e-04,-1.290892e-04,-6.389691e-08,2.340872e-04,4.261496e-05,4.096105e-05
C,53.5344,0,1.3,1.672055e-04,1.587808e-04,-1.629386e-04,-8.978104e-08,2.919136e-04,4.921674e-05,4.712671e-05
C,53.5344,0,1.35,2.097118e-04,1.981000e-04,-2.038230e-04,-1.243397e-07,3.604090e-04,5.662972e-05,5.401325e-05
C,53.5344,0,1.4,2.608672e-04,2.450751e-04,-2.528475e-04,-1.699275e-07,4.409359e-04,6.493590e-05,6.168818e-05
C,53.5344,0,1.45,3.220252e-04,3.008113e-04,-3.112371e-04,-2.294011e-07,5.349598e-04,7.422459e-05,7.022448e-05
C,53.5344,0,1.5,3.946925e-04,3.665184e-04,-3.803440e-04,-3.061916e-07,6.440568e-04,8.459299e-05,7.970102e-05
C,53.5344,0,1.55,4.805390e-04,4.435153e-04,-4.616551e-04,-4.043989e-07,7.699097e-04,9.614687e-05,9.020292e-05
C,53.5344,0,1.6,5.814097e-04,5.332333e-04,-5.567993e-04,-5.288765e-07,9.143157e-04,1.090012e-04,1.018221e-04
C,53.5344,0,1.65,6.993355e-04,6.372205e-04,-6.675540e-04,-6.853344e-07,1.079187e-03,1.232810e-04,1.146575e-04
C,53.5344,0,1.7,8.365456e-04,7.571449e-04,-7.958529e-04,-8.804466e-07,1.266552e-03,1.391218e-04,1.288160e-04
C,53.5344,0,1.75,9.954789e-04,8.947970e-04,-9.437927e-04,-1.121958e-06,1.478562e-03,1.566712e-04,1.444125e-04
C,53.5344,0,1.8,1.178797e-03,1.052093e-03,-1.113640e-03,-1.418801e-06,1.717499e-03,1.760891e-04,1.615709e-04
C,53.5344,0,1.85,1.389397e-03,1.231078e-03,-1.307838e-03,-1.781220e-06,1.985764e-03,1.975488e-04,1.804241e-04
C,53.5344,0,1.9,1.630422e-03,1.433926e-03,-1.529012e-03,-2.220884e-06,2.285890e-03,2.212386e-04,2.011154e-04
C,53.5344,0,1.95,1.905276e-03,1.662942e-03,-1.779978e-03,-2.750998e-06,2.620549e-03,2.473624e-04,2.237986e-04
C,53.5344,0,2,2.217638e-03,1.920566e-03,-2.063749e-03,-3.386423e-06,2.992536e-03,2.761412e-04,2.486387e-04
C,53.5344,0,2.05,2.571473e-03,2.209369e-03,-2.383535e-03,-4.143786e-06,3.404811e-03,3.078146e-04,2.758132e-04
C,53.5344,0,2.1,2.971045e-03,2.532057e-03,-2.742758e-03,-5.041520e-06,3.860446e-03,3.426419e-04,3.055121e-04
C,53.5344,0,2.15,3.420934e-03,2.891470e-03,-3.145049e-03,-6.099966e-06,4.362684e-03,3.809041e-04,3.379397e-04
C,53.5344,0,2.2,3.926047e-03,3.290582e-03,-3.594259e-03,-7.341384e-06,4.914901e-03,4.229052e-04,3.733145e-04
C,53.5344,0,2.25,4.491630e-03,3.732498e-03,-4.094459e-03,-8.789960e-06,5.520636e-03,4.689747e-04,4.118708e-04
C,53.5344,0,2.3,5.123287e-03,4.220456e-03,-4.649950e-03,-1.047171e-05,6.183579e-03,5.194688e-04,4.538597e-04
C,53.5344,0,2.35,5.826987e-03,4.757823e-03,-5.265261e-03,-1.241438e-05,6.907564e-03,5.747732e-04,4.995498e-04
C,53.5344,0,2.4,6.609089e-03,5.348096e-03,-5.945159e-03,-1.464716e-05,7.696610e-03,6.353052e-04,5.492288e-04
C,53.5344,0,2.45,7.476342e-03,5.994894e-03,-6.694649e-03,-1.720050e-05,8.554886e-03,7.015163e-04,6.032042e-04
C,53.5344,0,2.5,8.435913e-03,6.701966e-03,-7.518981e-03,-2.010553e-05,9.486731e-03,7.738951e-04,6.618052e-04
C,53.5344,0,2.55,9.495395e-03,7.473175e-03,-8.423649e-03,-2.339365e-05,1.049666e-02,8.529698e-04,7.253836e-04
C,53.5344,0,2.6,1.066282e-02,8.312508e-03,-9.414398e-03,-2.709542e-05,1.158935e-02,9.393120e-04,7.943153e-04
C,53.5344,0,2.65,1.194668e-02,9.224068e-03,-1.049723e-02,-3.124009e-05,1.276964e-02,1.033540e-03,8.690020e-04
C,53.5344,0,2.7,1.335596e-02,1.021207e-02,-1.167840e-02,-3.585389e-05,1.404256e-02,1.136322e-03,9.498728e-04
C,53.5344,0,2.75,1.490010e-02,1.128084e-02,-1.296443e-02,-4.095892e-05,1.541332e-02,1.248381e-03,1.037386e-03
C,53.5344,0,2.8,1.658910e-02,1.243482e-02,-1.436211e-02,-4.657098e-05,1.688730e-02,1.370499e-03,1.132030e-03
C,53.5344,0,2.85,1.843345e-02,1.367854e-02,-1.587851e-02,-5.269774e-05,1.847006e-02,1.503521e-03,1.234327e-03
C,53.5344,0,2.9,2.044424e-02,1.501667e-02,-1.752096e-02,-5.933561e-05,2.016733e-02,1.648361e-03,1.344834e-03
C,53.5344,0,2.95,2.263311e-02,1.645397e-02,-1.929710e-02,-6.646685e-05,2.198500e-02,1.806007e-03,1.464144e-03
C,53.5344,0,3,2.501233e-02,1.799531e-02,-2.121486e-02,-7.405589e-05,2.392913e-02,1.977526e-03,1.592889e-03
C,53.5344,0,3.05,2.759481e-02,1.964567e-02,-2.328250e-02,-8.204521e-05,2.600597e-02,2.164073e-03,1.731746e-03
C,53.5344,0,3.1,3.039416e-02,2.141015e-02,-2.550860e-02,-9.034980e-05,2.822193e-02,2.366894e-03,1.881431e-03
C,53.5344,0,3.15,3.342472e-02,2.329398e-02,-2.790206e-02,-9.885199e-05,3.058348e-02,2.587337e-03,2.042710e-03
C,53.5344,0,3.2,3.670161e-02,2.530253e-02,-3.047222e-02,-1.073941e-04,3.309734e-02,2.826857e-03,2.216397e-03
C,53.5344,0,3.25,4.024082e-02,2.744129e-02,-3.322876e-02,-1.157721e-04,3.577024e-02,3.087025e-03,2.403360e-03
C,53.5344,0,3.3,4.405925e-02,2.971594e-02,-3.618185e-02,-1.237268e-04,3.860909e-02,3.369536e-03,2.604520e-03
C,53.5344,0,3.35,4.817484e-02,3.213232e-02,-3.934210e-02,-1.309351e-04,4.162084e-02,3.676221e-03,2.820856e-03
C,53.5344,0,3.4,5.260666e-02,3.469649e-02,-4.272071e-02,-1.369990e-04,4.481246e-02,4.009053e-03,3.053412e-03
C,53.5344,0,3.45,5.737503e-02,3.741476e-02,-4.632946e-02,-1.414360e-04,4.819095e-02,4.370159e-03,3.303293e-03
C,53.5344,0,3.5,6.250174e-02,4.029367e-02,-5.018080e-02,-1.436689e-04,5.176332e-02,4.761831e-03,3.571674e-03
C,53.5344,0,3.55,6.801011e-02,4.334013e-02,-5.428800e-02,-1.430088e-04,5.553638e-02,5.186536e-03,3.859800e-03
C,53.5344,0,3.6,7.392533e-02,4.656138e-02,-5.866518e-02,-1.386521e-04,5.951690e-02,5.646927e-03,4.168993e-03
C,53.5344,0,3.65,8.027470e-02,4.996511e-02,-6.332751e-02,-1.296620e-04,6.371144e-02,6.145854e-03,4.500653e-03
C,53.5344,0,3.7,8.708790e-02,5.355949e-02,-6.829131e-02,-1.149608e-04,6.812620e-02,6.686377e-03,4.856259e-03
C,53.5344,0,3.75,9.439738e-02,5.735329e-02,-7.357429e-02,-9.332061e-05,7.276705e-02,7.271776e-03,5.237380e-03
C,53.5344,0,3.8,1.022388e-01,6.135596e-02,-7.919571e-02,-6.336362e-05,7.763934e-02,7.905559e-03,5.645671e-03
C,53.5344,0,3.85,1.106516e-01,6.557775e-02,-8.517670e-02,-2.355323e-05,8.274781e-02,8.591478e-03,6.082880e-03
C,53.5344,0,3.9,1.196795e-01,7.002980e-02,-9.154046e-02,2.779235e-05,8.809647e-02,9.333531e-03,6.550850e-03
C,53.5344,0,3.95,1.293712e-01,7.472432e-02,-9.831265e-02,9.248400e-05,9.368836e-02,1.013597e-02,7.051520e-03
C,53.5344,0,4,1.397813e-01,7.967477e-02,-1.055218e-01,1.724369e-04,9.952552e-02,1.100331e-02,7.586933e-03
C,53.5344,0,4.05,1.509714e-01,8.489603e-02,-1.131997e-01,2.696301e-04,1.056086e-01,1.194033e-02,8.159230e-03
C,53.5344,0,4.1,1.630106e-01,9.040458e-02,-1.213820e-01,3.860300e-04,1.119367e-01,1.295206e-02,8.770657e-03
C,53.5344,0,4.15,1.759775e-01,9.621879e-02,-1.301086e-01,5.235048e-04,1.185074e-01,1.404379e-02,9.423565e-03
C,53.5344,0,4.2,1.899612e-01,1.023591e-01,-1.394244e-01,6.837042e-04,1.253159e-01,1.522104e-02,1.012041e-02
C,53.5344,0,4.25,2.050627e-01,1.088485e-01,-1.493802e-01,8.678866e-04,1.323553e-01,1.648956e-02,1.086374e-02
C,53.5344,0,4.3,2.213976e-01,1.157127e-01,-1.600331e-01,1.076706e-03,1.396160e-01,1.785529e-02,1.165622e-02
C,53.5344,0,4.35,2.390972e-01,1.229804e-01,-1.714480e-01,1.309935e-03,1.470856e-01,1.932431e-02,1.250060e-02
C,53.5344,0,4.4,2.583112e-01,1.306841e-01,-1.836977e-01,1.566123e-03,1.547482e-01,2.090280e-02,1.339971e-02
C,53.5344,0,4.45,2.792101e-01,1.388599e-01,-1.968648e-01,1.842144e-03,1.625845e-01,2.259701e-02,1.435650e-02
C,53.5344,0,4.5,3.019878e-01,1.475485e-01,-2.110423e-01,2.132695e-03,1.705712e-01,2.441311e-02,1.537394e-02
C,53.5344,0,4.55,3.268647e-01,1.567958e-01,-2.263350e-01,2.429634e-03,1.786809e-01,2.635717e-02,1.645511e-02
C,53.5344,0,4.6,3.540903e-01,1.666527e-01,-2.428608e-01,2.721205e-03,1.868818e-01,2.843497e-02,1.760311e-02
C,53.5344,0,4.65,3.839465e-01,1.771765e-01,-2.607517e-01,2.991198e-03,1.951373e-01,3.065196e-02,1.882107e-02
C,53.5344,0,4.7,4.167506e-01,1.884312e-01,-2.801551e-01,3.217812e-03,2.034065e-01,3.301302e-02,2.011214e-02
C,53.5344,0,4.75,4.528580e-01,2.004880e-01,-3.012352e-01,3.372551e-03,2.116439e-01,3.552237e-02,2.147944e-02
C,53.5344,0,4.8,4.926651e-01,2.134261e-01,-3.241739e-01,3.418843e-03,2.197994e-01,3.818331e-02,2.292606e-02
C,53.5344,0,4.85,5.366117e-01,2.273334e-01,-3.491719e-01,3.310621e-03,2.278190e-01,4.099809e-02,2.445500e-02
C,53.5344,0,4.9,5.851820e-01,2.423049e-01,-3.764473e-01,2.991587e-03,2.356443e-01,4.396778e-02,2.606898e-02
C,53.5344,0,4.95,6.389075e-01,2.584518e-01,-4.062436e-01,2.390236e-03,2.432184e-01,4.709159e-02,2.777107e-02
C,53.5344,0,5,6.983638e-01,2.758901e-01,-4.388193e-01,1.423039e-03,2.504793e-01,5.036738e-02,2.956366e-02
C,53.5344,0,5.05,7.641719e-01,2.947489e-01,-4.744541e-01,-1.027272e-05,2.573665e-01,5.379099e-02,3.144907e-02
C,53.5344,0,5.1,8.369944e-01,3.151691e-01,-5.134469e-01,-2.027368e-03,2.638216e-01,5.735622e-02,3.342931e-02
C,53.5344,0,5.15,9.175318e-01,3.373037e-01,-5.561144e-01,-4.764564e-03,2.697903e-01,6.105464e-02,3.550605e-02
C,53.5344,0,5.2,1.006516e+00,3.613182e-01,-6.027889e-01,-8.377701e-03,2.752249e-01,6.487564e-02,3.768056e-02
C,53.5344,0,5.25,1.104704e+00,3.873910e-01,-6.538168e-01,-1.304240e-02,2.800863e-01,6.880628e-02,3.995368e-02
C,53.5344,0,5.3,1.212866e+00,4.157133e-01,-7.095550e-01,-1.895386e-02,2.843470e-01,7.283150e-02,4.232570e-02
C,53.5344,0,5.35,1.331779e+00,4.464886e-01,-7.703682e-01,-2.632604e-02,2.879932e-01,7.693418e-02,4.479638e-02
C,53.5344,0,5.4,1.462213e+00,4.799331e-01,-8.366250e-01,-3.538969e-02,2.910278e-01,8.109546e-02,4.736485e-02
C,53.5344,0,5.45,1.604918e+00,5.162746e-01,-9.086947e-01,-4.638981e-02,2.934714e-01,8.529504e-02,5.002959e-02
C,53.5344,0,5.5,1.760613e+00,5.557516e-01,-9.869427e-01,-5.958237e-02,2.953651e-01,8.951163e-02,5.278837e-02
C,53.5344,0,5.55,1.929975e+00,5.986128e-01,-1.071728e+00,-7.522972e-02,2.967703e-01,9.372348e-02,5.563822e-02
C,53.5344,0,5.6,2.113628e+00,6.451151e-01,-1.163399e+00,-9.359616e-02,2.977696e-01,9.790883e-02,5.857543e-02
C,53.5344,0,5.65,2.312131e+00,6.955220e-01,-1.262291e+00,-1.149420e-01,2.984659e-01,1.020466e-01,6.159550e-02
C,53.5344,0,5.7,2.525979e+00,7.501022e-01,-1.368723e+00,-1.395183e-01,2.989816e-01,1.061169e-01,6.469315e-02
C,53.5344,0,5.75,2.755591e+00,8.091272e-01,-1.483000e+00,-1.675608e-01,2.994555e-01,1.101015e-01,6.786237e-02
C,53.5344,0,5.8,3.001317e+00,8.728687e-01,-1.605407e+00,-1.992843e-01,3.000407e-01,1.139846e-01,7.109638e-02
C,53.5344,0,5.85,3.263432e+00,9.415963e-01,-1.736211e+00,-2.348779e-01,3.009006e-01,1.177529e-01,7.438773e-02
C,53.5344,0,5.9,3.542146e+00,1.015574e+00,-1.875662e+00,-2.745005e-01,3.022051e-01,1.213961e-01,7.772833e-02
C,53.5344,0,5.95,3.837611e+00,1.095059e+00,-2.023993e+00,-3.182773e-01,3.041271e-01,1.249070e-01,8.110952e-02
C,53.5344,0,6,4.149927e+00,1.180297e+00,-2.181419e+00,-3.662976e-01,3.068368e-01,1.282816e-01,8.452220e-02
C,53.5344,0,6.05,4.479156e+00,1.271520e+00,-2.348143e+00,-4.186136e-01,3.104996e-01,1.315193e-01,8.795690e-02
C,53.5344,0,6.1,4.825328e+00,1.368943e+00,-2.524352e+00,-4.752400e-01,3.152704e-01,1.346224e-01,9.140389e-02
C,53.5344,0,6.15,5.188456e+00,1.472764e+00,-2.710222e+00,-5.361557e-01,3.212919e-01,1.375961e-01,9.485334e-02
C,53.5344,0,6.2,5.568546e+00,1.583156e+00,-2.905915e+00,-6.013051e-01,3.286914e-01,1.404483e-01,9.829542e-02
C,53.5344,0,6.25,5.965605e+00,1.700273e+00,-3.111582e+00,-6.706018e-01,3.375785e-01,1.431891e-01,1.017205e-01
C,53.5344,0,6.3,6.379650e+00,1.824241e+00,-3.327365e+00,-7.439321e-01,3.480436e-01,1.458305e-01,1.051192e-01
C,53.5344,0,6.35,6.810714e+00,1.955160e+00,-3.553391e+00,-8.211583e-01,3.601582e-01,1.483861e-01,1.084825e-01
C,53.5344,0,6.4,7.258857e+00,2.093102e+00,-3.789779e+00,-9.021252e-01,3.739734e-01,1.508706e-01,1.118022e-01
C,53.5344,0,6.45,7.724158e+00,2.238114e+00,-4.036633e+00,-9.866621e-01,3.895211e-01,1.532998e-01,1.150705e-01
C,53.5344,0,6.5,8.206730e+00,2.390214e+00,-4.294049e+00,-1.074590e+00,4.068146e-01,1.556898e-01,1.182805e-01
C,53.5344,0,6.55,8.706713e+00,2.549394e+00,-4.562107e+00,-1.165726e+00,4.258499e-01,1.580571e-01,1.214263e-01
C,53.5344,0,6.6,9.224277e+00,2.715621e+00,-4.840876e+00,-1.259884e+00,4.466073e-01,1.604182e-01,1.245027e-01
C,53.5344,0,6.65,9.759618e+00,2.888837e+00,-5.130411e+00,-1.356883e+00,4.690525e-01,1.627892e-01,1.275057e-01
C,53.5344,0,6.7,1.031296e+01,3.068962e+00,-5.430754e+00,-1.456549e+00,4.931392e-01,1.651861e-01,1.304322e-01
C,53.5344,0,6.75,1.088455e+01,3.255896e+00,-5.741934e+00,-1.558716e+00,5.188107e-01,1.676242e-01,1.332802e-01
C,53.5344,0,6.8,1.147466e+01,3.449522e+00,-6.063969e+00,-1.663231e+00,5.460017e-01,1.701181e-01,1.360486e-01
C,53.5344,0,6.85,1.208357e+01,3.649706e+00,-6.396862e+00,-1.769953e+00,5.746400e-01,1.726819e-01,1.387375e-01
C,53.5344,0,6.9,1.271159e+01,3.856301e+00,-6.740606e+00,-1.878759e+00,6.046487e-01,1.753286e-01,1.413478e-01
C,53.5344,0,6.95,1.335902e+01,4.069148e+00,-7.095186e+00,-1.989537e+00,6.359478e-01,1.780704e-01,1.438811e-01
C,53.5344,0,7,1.402621e+01,4.288082e+00,-7.460574e+00,-2.102192e+00,6.684551e-01,1.809186e-01,1.463402e-01
C,53.5344,0,7.05,1.471347e+01,4.512928e+00,-7.836736e+00,-2.216647e+00,7.020884e-01,1.838836e-01,1.487282e-01
C,53.5344,0,7.1,1.542116e+01,4.743507e+00,-8.223633e+00,-2.332835e+00,7.367664e-01,1.869748e-01,1.510491e-01
C,53.5344,0,7.15,1.614964e+01,4.979638e+00,-8.621219e+00,-2.450708e+00,7.724106e-01,1.902007e-01,1.533074e-01
C,53.5344,0,7.2,1.689927e+01,5.221138e+00,-9.029447e+00,-2.570228e+00,8.089448e-01,1.935688e-01,1.555078e-01
C,53.5344,0,7.25,1.767044e+01,5.467821e+00,-9.448268e+00,-2.691370e+00,8.462978e-01,1.970856e-01,1.576557e-01
C,53.5344,0,7.3,1.846354e+01,5.719507e+00,-9.877634e+00,-2.814120e+00,8.844024e-01,2.007570e-01,1.597564e-01
C,53.5344,0,7.35,1.927899e+01,5.976013e+00,-1.031750e+01,-2.938475e+00,9.231986e-01,2.045877e-01,1.618156e-01
C,53.5344,0,7.4,2.011724e+01,6.237160e+00,-1.076783e+01,-3.064441e+00,9.626313e-01,2.085820e-01,1.638390e-01
C,53.5344,0,7.45,2.097876e+01,6.502773e+00,-1.122860e+01,-3.192034e+00,1.002653e+00,2.127431e-01,1.658323e-01
C,53.5344,0,7.5,2.186409e+01,6.772681e+00,-1.169977e+01,-3.321278e+00,1.043223e+00,2.170738e-01,1.678012e-01
C,53.5344,0,7.55,2.277376e+01,7.046712e+00,-1.218135e+01,-3.452206e+00,1.084309e+00,2.215763e-01,1.697512e-01
C,53.5344,0,7.6,2.370842e+01,7.324706e+00,-1.267334e+01,-3.584861e+00,1.125886e+00,2.262523e-01,1.716875e-01
C,53.5344,0,7.65,2.466874e+01,7.606501e+00,-1.317577e+01,-3.719296e+00,1.167937e+00,2.311032e-01,1.736155e-01
C,53.5344,0,7.7,2.565548e+01,7.891944e+00,-1.368867e+01,-3.855576e+00,1.210452e+00,2.361303e-01,1.755399e-01
C,53.5344,0,7.75,2.666947e+01,8.180886e+00,-1.421211e+01,-3.993779e+00,1.253430e+00,2.413345e-01,1.774655e-01
C,53.5344,0,7.8,2.771164e+01,8.473181e+00,-1.474619e+01,-4.133996e+00,1.296879e+00,2.467171e-01,1.793965e-01
C,53.5344,0,7.85,2.878301e+01,8.768692e+00,-1.529100e+01,-4.276337e+00,1.340810e+00,2.522792e-01,1.813369e-01
C,53.5344,0,7.9,2.988472e+01,9.067284e+00,-1.584668e+01,-4.420931e+00,1.385245e+00,2.580225e-01,1.832906e-01
C,53.5344,0,7.95,3.101800e+01,9.368830e+00,-1.641340e+01,-4.567927e+00,1.430211e+00,2.639488e-01,1.852609e-01
C,53.5344,0,8,3.216907e+01,9.662419e+00,-1.697856e+01,-4.711229e+00,1.475309e+00,2.703723e-01,1.875404e-01
C,53.5344,10,0.05,5.432623e-13,5.387807e-13,-5.410168e-13,-3.370826e-17,2.635211e-09,1.458115e-09,1.446090e-09
C,53.5344,10,0.1,3.473988e-11,3.452882e-11,-3.463419e-11,-1.588297e-15,1.551251e-08,1.167744e-08,1.160659e-08
C,53.5344,10,0.15,3.954051e-10,3.937114e-10,-3.945573e-10,-1.275415e-14,3.688982e-08,3.950650e-08,3.933779e-08
C,53.5344,10,0.2,2.220073e-09,2.213710e-09,-2.216889e-09,-4.795901e-14,5.848589e-08,9.399637e-08,9.372840e-08
C,53.5344,10,0.25,8.463397e-09,8.448024e-09,-8.455707e-09,-1.159821e-13,7.236489e-08,1.845202e-07,1.841879e-07
C,53.5344,10,0.3,2.525647e-08,2.522804e-08,-2.524225e-08,-2.147782e-13,7.749589e-08,3.208950e-07,3.205381e-07
C,53.5344,10,0.35,6.365253e-08,6.360245e-08,-6.362749e-08,-3.789593e-13,8.600991e-08,5.135066e-07,5.131091e-07
C,53.5344,10,0.4,1.417588e-07,1.416466e-07,-1.417027e-07,-8.505049e-13,1.291929e-07,7.734381e-07,7.728387e-07
C,53.5344,10,0.45,2.872545e-07,2.869293e-07,-2.870919e-07,-2.469297e-12,2.632406e-07,1.112604e-06,1.111377e-06
C,53.5344,10,0.5,5.402954e-07,5.393227e-07,-5.398088e-07,-7.401202e-12,5.746041e-07,1.543888e-06,1.541198e-06
C,53.5344,10,0.55,9.568043e-07,9.541368e-07,-9.554696e-07,-2.034590e-11,1.185291e-06,2.081290e-06,2.075710e-06
C,53.5344,10,0.6,1.612149e-06,1.605561e-06,-1.608852e-06,-5.037792e-11,2.258113e-06,2.740077e-06,2.729385e-06
C,53.5344,10,0.65,2.605209e-06,2.590388e-06,-2.597788e-06,-1.136349e-10,4.000882e-06,3.536944e-06,3.517877e-06
C,53.5344,10,0.7,4.062820e-06,4.032001e-06,-4.047381e-06,-2.370036e-10,6.671853e-06,4.490187e-06,4.458166e-06
C,53.5344,10,0.75,6.144621e-06,6.084595e-06,-6.114534e-06,-4.630942e-10,1.058348e-05,5.619877e-06,5.568695e-06
C,53.5344,10,0.8,9.048269e-06,8.937607e-06,-8.992767e-06,-8.566821e-10,1.610699e-05,6.948057e-06,6.869523e-06
C,53.5344,10,0.85,1.301505e-05,1.282032e-05,-1.291732e-05,-1.512923e-09,2.367684e-05,8.498943e-06,8.382485e-06
C,53.5344,10,0.9,1.833587e-05,1.800665e-05,-1.817051e-05,-2.567614e-09,3.379424e-05,1.029914e-05,1.013136e-05
C,53.5344,10,0.95,2.535760e-05,2.482000e-05,-2.508736e-05,-4.209844e-09,4.703083e-05,1.237788e-05,1.214205e-05
C,53.5344,10,1,3.448988e-05,3.363823e-05,-3.406139e-05,-6.697240e-09,6.403327e-05,1.476726e-05,1.444276e-05
C,53.5344,10,1.05,4.621213e-05,4.489874e-05,-4.555069e-05,-1.037422e-08,8.552540e-05,1.750251e-05,1.706424e-05
C,53.5344,10,1.1,6.108113e-05,5.910344e-05,-6.008413e-05,-1.569345e-08,1.123146e-04,2.062231e-05,2.003993e-05
C,53.5344,10,1.15,7.973881e-05,7.682389e-05,-7.826775e-05,-2.324158e-08,1.452912e-04,2.416904e-05,2.340625e-05
C,53.5344,10,1.2,1.029204e-04,9.870621e-05,-1.007912e-04,-3.376754e-08,1.854365e-04,2.818916e-05,2.720280e-05
C,53.5344,10,1.25,1.314631e-04,1.254761e-04,-1.284346e-04,-4.821732e-08,2.338215e-04,3.273354e-05,3.147266e-05
C,53.5344,10,1.3,1.663147e-04,1.579435e-04,-1.620749e-04,-6.777112e-08,2.916155e-04,3.785786e-05,3.626260e-05
C,53.5344,10,1.35,2.085429e-04,1.970076e-04,-2.026930e-04,-9.388728e-08,3.600828e-04,4.362301e-05,4.162343e-05
C,53.5344,10,1.4,2.593448e-04,2.436607e-04,-2.513801e-04,-1.283500e-07,4.405921e-04,5.009554e-05,4.761028e-05
C,53.5344,10,1.45,3.200565e-04,2.989932e-04,-3.093452e-04,-1.733237e-07,5.346156e-04,5.734817e-05,5.428293e-05
C,53.5344,10,1.5,3.921633e-04,3.641973e-04,-3.779211e-04,-2.314114e-07,6.437346e-04,6.546027e-05,6.170617e-05
C,53.5344,10,1.55,4.773097e-04,4.405705e-04,-4.585714e-04,-3.057178e-07,7.696434e-04,7.451845e-05,6.995016e-05
C,53.5344,10,1.6,5.773101e-04,5.295195e-04,-5.528974e-04,-3.999239e-07,9.141466e-04,8.461718e-05,7.909086e-05
C,53.5344,10,1.65,6.941591e-04,6.325630e-04,-6.626439e-04,-5.183525e-07,1.079172e-03,9.585945e-05,8.921041e-05
C,53.5344,10,1.7,8.300428e-04,7.513340e-04,-7.897059e-04,-6.660507e-07,1.266770e-03,1.083575e-04,1.003976e-04
C,53.5344,10,1.75,9.873490e-04,8.875834e-04,-9.361347e-04,-8.488769e-07,1.479109e-03,1.222335e-04,1.127485e-04
C,53.5344,10,1.8,1.168678e-03,1.043180e-03,-1.104143e-03,-1.073568e-06,1.718489e-03,1.376206e-04,1.263666e-04
C,53.5344,10,1.85,1.376856e-03,1.220114e-03,-1.296112e-03,-1.347839e-06,1.987345e-03,1.546638e-04,1.413638e-04
C,53.5344,10,1.9,1.614942e-03,1.420495e-03,-1.514594e-03,-1.680446e-06,2.288251e-03,1.735207e-04,1.578609e-04
C,53.5344,10,1.95,1.886243e-03,1.646556e-03,-1.762319e-03,-2.081270e-06,2.623908e-03,1.943629e-04,1.759878e-04
C,53.5344,10,2,2.194319e-03,1.900650e-03,-2.042199e-03,-2.561377e-06,2.997175e-03,2.173772e-04,1.958850e-04
C,53.5344,10,2.05,2.543001e-03,2.185250e-03,-2.357331e-03,-3.133054e-06,3.411047e-03,2.427666e-04,2.177036e-04
C,53.5344,10,2.1,2.936396e-03,2.502950e-03,-2.711002e-03,-3.809864e-06,3.868683e-03,2.707520e-04,2.416063e-04
C,53.5344,10,2.15,3.378898e-03,2.856459e-03,-3.106688e-03,-4.606589e-06,4.373386e-03,3.015736e-04,2.677686e-04
C,53.5344,10,2.2,3.875199e-03,3.248602e-03,-3.548059e-03,-5.539242e-06,4.928630e-03,3.354927e-04,2.963792e-04
C,53.5344,10,2.25,4.430298e-03,3.682314e-03,-4.038983e-03,-6.624959e-06,5.538055e-03,3.727934e-04,3.276411e-04
C,53.5344,10,2.3,5.049507e-03,4.160639e-03,-4.583521e-03,-7.881786e-06,6.205464e-03,4.137847e-04,3.617730e-04
C,53.5344,10,2.35,5.738463e-03,4.686720e-03,-5.185928e-03,-9.328503e-06,6.934847e-03,4.588027e-04,3.990098e-04
C,53.5344,10,2.4,6.503130e-03,5.263803e-03,-5.850658e-03,-1.098425e-05,7.730366e-03,5.082131e-04,4.396046e-04
C,53.5344,10,2.45,7.349815e-03,5.895221e-03,-6.582356e-03,-1.286806e-05,8.596374e-03,5.624134e-04,4.838292e-04
C,53.5344,10,2.5,8.285163e-03,6.584395e-03,-7.385858e-03,-1.499818e-05,9.537426e-03,6.218366e-04,5.319760e-04
C,53.5344,10,2.55,9.316167e-03,7.334821e-03,-8.266188e-03,-1.739140e-05,1.055827e-02,6.869534e-04,5.843592e-04
C,53.5344,10,2.6,1.045017e-02,8.150069e-03,-9.228553e-03,-2.006175e-05,1.166384e-02,7.582766e-04,6.413167e-04
C,53.5344,10,2.65,1.169489e-02,9.033768e-03,-1.027834e-02,-2.301952e-05,1.285933e-02,8.363641e-04,7.032117e-04
C,53.5344,10,2.7,1.305836e-02,9.989605e-03,-1.142111e-02,-2.626919e-05,1.415009e-02,9.218237e-04,7.704345e-04
C,53.5344,10,2.75,1.454901e-02,1.102131e-02,-1.266258e-02,-2.980777e-05,1.554177e-02,1.015317e-03,8.434047e-04
C,53.5344,10,2.8,1.617562e-02,1.213263e-02,-1.400865e-02,-3.362211e-05,1.704018e-02,1.117567e-03,9.225732e-04
C,53.5344,10,2.85,1.794732e-02,1.332738e-02,-1.546534e-02,-3.768570e-05,1.865142e-02,1.229357e-03,1.008425e-03
C,53.5344,10,2.9,1.987360e-02,1.460934e-02,-1.703885e-02,-4.195509e-05,2.038180e-02,1.351546e-03,1.101480e-03
C,53.5344,10,2.95,2.196431e-02,1.598234e-02,-1.873548e-02,-4.636542e-05,2.223791e-02,1.485069e-03,1.202299e-03
C,53.5344,10,3,2.422968e-02,1.745018e-02,-2.056168e-02,-5.082504e-05,2.422657e-02,1.630945e-03,1.311482e-03
C,53.5344,10,3.05,2.668025e-02,1.901665e-02,-2.252403e-02,-5.520873e-05,2.635489e-02,1.790287e-03,1.429678e-03
C,53.5344,10,3.1,2.932695e-02,2.068553e-02,-2.462918e-02,-5.935066e-05,2.863021e-02,1.964310e-03,1.557581e-03
C,53.5344,10,3.15,3.218108e-02,2.246058e-02,-2.688395e-02,-6.303480e-05,3.106016e-02,2.154342e-03,1.695938e-03
C,53.5344,10,3.2,3.525431e-02,2.434550e-02,-2.929522e-02,-6.598474e-05,3.365265e-02,2.361831e-03,1.845552e-03
C,53.5344,10,3.25,3.855866e-02,2.634398e-02,-3.186999e-02,-6.785052e-05,3.641581e-02,2.588363e-03,2.007287e-03
C,53.5344,10,3.3,4.210661e-02,2.845966e-02,-3.461540e-02,-6.819539e-05,3.935809e-02,2.835670e-03,2.182071e-03
C,53.5344,10,3.35,4.591105e-02,3.069615e-02,-3.753868e-02,-6.647791e-05,4.248816e-02,3.105645e-03,2.370902e-03
C,53.5344,10,3.4,4.998535e-02,3.305703e-02,-4.064720e-02,-6.203281e-05,4.581496e-02,3.400361e-03,2.574853e-03
C,53.5344,10,3.45,5.434340e-02,3.554586e-02,-4.394851e-02,-5.404833e-05,4.934759e-02,3.722084e-03,2.795077e-03
C,53.5344,10,3.5,5.899973e-02,3.816621e-02,-4.745037e-02,-4.154111e-05,5.309539e-02,4.073295e-03,3.032813e-03
C,53.5344,10,3.55,6.396962e-02,4.092163e-02,-5.116079e-02,-2.332904e-05,5.706793e-02,4.456709e-03,3.289396e-03
C,53.5344,10,3.6,6.926914e-02,4.381576e-02,-5.508807e-02,2.004839e-06,6.127479e-02,4.875298e-03,3.566259e-03
C,53.5344,10,3.65,7.491548e-02,4.685233e-02,-5.924099e-02,3.614721e-05,6.572566e-02,5.332316e-03,3.864940e-03
C,53.5344,10,3.7,8.092707e-02,5.003516e-02,-6.362880e-02,8.108985e-05,7.043030e-02,5.831323e-03,4.187097e-03
C,53.5344,10,3.75,8.732392e-02,5.336834e-02,-6.826144e-02,1.391805e-04,7.539824e-02,6.376217e-03,4.534508e-03
C,53.5344,10,3.8,9.412799e-02,5.685618e-02,-7.314971e-02,2.131632e-04,8.063896e-02,6.971261e-03,4.909085e-03
C,53.5344,10,3.85,1.013637e-01,6.050343e-02,-7.830551e-02,3.062328e-04,8.616148e-02,7.621120e-03,5.312881e-03
C,53.5344,10,3.9,1.090583e-01,6.431529e-02,-8.374208e-02,4.220784e-04,9.197439e-02,8.330889e-03,5.748100e-03
C,53.5344,10,3.95,1.172431e-01,6.829761e-02,-8.947436e-02,5.649358e-04,9.808556e-02,9.106134e-03,6.217109e-03
C,53.5344,10,4,1.259539e-01,7.245706e-02,-9.551947e-02,7.396369e-04,1.045019e-01,9.952931e-03,6.722445e-03
C,53.5344,10,4.05,1.352321e-01,7.680132e-02,-1.018971e-01,9.516349e-04,1.112291e-01,1.087790e-02,7.266831e-03
C,53.5344,10,4.1,1.451264e-01,8.133929e-02,-1.086303e-01,1.207036e-03,1.182713e-01,1.188823e-02,7.853184e-03
C,53.5344,10,4.15,1.556942e-01,8.608144e-02,-1.157460e-01,1.512603e-03,1.256306e-01,1.299175e-02,8.484625e-03
C,53.5344,10,4.2,1.670038e-01,9.104007e-02,-1.232761e-01,1.875721e-03,1.333065e-01,1.419692e-02,9.164493e-03
C,53.5344,10,4.25,1.791363e-01,9.622971e-02,-1.312582e-01,2.304324e-03,1.412955e-01,1.551290e-02,9.896359e-03
C,53.5344,10,4.3,1.921892e-01,1.016676e-01,-1.397373e-01,2.806748e-03,1.495905e-01,1.694952e-02,1.068403e-02
C,53.5344,10,4.35,2.062791e-01,1.073742e-01,-1.487667e-01,3.391536e-03,1.581796e-01,1.851733e-02,1.153156e-02
C,53.5344,10,4.4,2.215462e-01,1.133738e-01,-1.584101e-01,4.067078e-03,1.670458e-01,2.022759e-02,1.244327e-02
C,53.5344,10,4.45,2.381588e-01,1.196950e-01,-1.687433e-01,4.841130e-03,1.761653e-01,2.209221e-02,1.342374e-02
C,53.5344,10,4.5,2.563185e-01,1.263718e-01,-1.798562e-01,5.720171e-03,1.855070e-01,2.412370e-02,1.447781e-02
C,53.5344,10,4.55,2.762670e-01,1.334443e-01,-1.918557e-01,6.708426e-03,1.950311e-01,2.633512e-02,1.561063e-02
C,53.5344,10,4.6,2.982925e-01,1.409598e-01,-2.048681e-01,7.806729e-03,2.046876e-01,2.873989e-02,1.682757e-02
C,53.5344,10,4.65,3.227379e-01,1.489738e-01,-2.190423e-01,9.010879e-03,2.144151e-01,3.135161e-02,1.813431e-02
C,53.5344,10,4.7,3.500093e-01,1.575511e-01,-2.345528e-01,1.030963e-02,2.241392e-01,3.418381e-02,1.953676e-02
C,53.5344,10,4.75,3.805850e-01,1.667678e-01,-2.516037e-01,1.168216e-02,2.337716e-01,3.724962e-02,2.104107e-02
C,53.5344,10,4.8,4.150249e-01,1.767119e-01,-2.704313e-01,1.309488e-02,2.432086e-01,4.056132e-02,2.265361e-02
C,53.5344,10,4.85,4.539800e-01,1.874858e-01,-2.913085e-01,1.449767e-02,2.523308e-01,4.412984e-02,2.438090e-02
C,53.5344,10,4.9,4.982007e-01,1.992075e-01,-3.145472e-01,1.581932e-02,2.610018e-01,4.796412e-02,2.622960e-02
C,53.5344,10,4.95,5.485442e-01,2.120129e-01,-3.405014e-01,1.696242e-02,2.690695e-01,5.207037e-02,2.820643e-02
C,53.5344,10,5,6.059791e-01,2.260572e-01,-3.695688e-01,1.779742e-02,2.763673e-01,5.645131e-02,3.031809e-02
C,53.5344,10,5.05,6.715854e-01,2.415146e-01,-4.021887e-01,1.815901e-02,2.827153e-01,6.110542e-02,3.257074e-02
C,53.5344,10,5.1,7.465559e-01,2.585910e-01,-4.388522e-01,1.782987e-02,2.879279e-01,6.602526e-02,3.497160e-02
C,53.5344,10,5.15,8.321789e-01,2.775102e-01,-4.800837e-01,1.654826e-02,2.918147e-01,7.119772e-02,3.752635e-02
C,53.5344,10,5.2,9.298264e-01,2.985259e-01,-5.264456e-01,1.399368e-02,2.941912e-01,7.660247e-02,4.024055e-02
C,53.5344,10,5.25,1.040927e+00,3.219212e-01,-5.785293e-01,9.784976e-03,2.948868e-01,8.221157e-02,4.311915e-02
C,53.5344,10,5.3,1.166932e+00,3.480091e-01,-6.369449e-01,3.478647e-03,2.937566e-01,8.798910e-02,4.616626e-02
C,53.5344,10,5.35,1.309275e+00,3.771344e-01,-7.023090e-01,-5.429973e-03,2.906928e-01,9.389126e-02,4.938498e-02
C,53.5344,10,5.4,1.469319e+00,4.096733e-01,-7.752322e-01,-1.750127e-02,2.856373e-01,9.986694e-02,5.277721e-02
C,53.5344,10,5.45,1.648309e+00,4.460336e-01,-8.563041e-01,-3.334153e-02,2.785943e-01,1.058588e-01,5.634341e-02
C,53.5344,10,5.5,1.847316e+00,4.866539e-01,-9.460801e-01,-5.358844e-02,2.696400e-01,1.118050e-01,6.008241e-02
C,53.5344,10,5.55,2.067189e+00,5.320009e-01,-1.045069e+00,-7.889202e-02,2.589308e-01,1.176412e-01,6.399119e-02
C,53.5344,10,5.6,2.308515e+00,5.825669e-01,-1.153722e+00,-1.098915e-01,2.467062e-01,1.233034e-01,6.806469e-02
C,53.5344,10,5.65,2.571597e+00,6.388663e-01,-1.272434e+00,-1.471893e-01,2.332873e-01,1.287305e-01,7.229559e-02
C,53.5344,10,5.7,2.856442e+00,7.014291e-01,-1.401533e+00,-1.913255e-01,2.190707e-01,1.338671e-01,7.667421e-02
C,53.5344,10,5.75,3.162769e+00,7.707950e-01,-1.541292e+00,-2.427513e-01,2.045160e-01,1.386662e-01,8.118834e-02
C,53.5344,10,5.8,3.490045e+00,8.475053e-01,-1.691933e+00,-3.018080e-01,1.901296e-01,1.430908e-01,8.582321e-02
C,53.5344,10,5.85,3.837523e+00,9.320936e-01,-1.853637e+00,-3.687080e-01,1.764451e-01,1.471160e-01,9.056143e-02
C,53.5344,10,5.9,4.204298e+00,1.025075e+00,-2.026558e+00,-4.435243e-01,1.640017e-01,1.507289e-01,9.538311e-02
C,53.5344,10,5.95,4.589373e+00,1.126937e+00,-2.210829e+00,-5.261860e-01,1.533239e-01,1.539290e-01,1.002660e-01
C,53.5344,10,6,4.991718e+00,1.238122e+00,-2.406576e+00,-6.164795e-01,1.449005e-01,1.567272e-01,1.051856e-01
C,53.5344,10,6.05,5.410328e+00,1.359023e+00,-2.613923e+00,-7.140578e-01,1.391689e-01,1.591445e-01,1.101157e-01
C,53.5344,10,6.1,5.844274e+00,1.489965e+00,-2.832988e+00,-8.184538e-01,1.365017e-01,1.612105e-01,1.150289e-01
C,53.5344,10,6.15,6.292741e+00,1.631200e+00,-3.063890e+00,-9.290979e-01,1.371973e-01,1.629611e-01,1.198967e-01
C,53.5344,10,6.2,6.755052e+00,1.782894e+00,-3.306739e+00,-1.045340e+00,1.414752e-01,1.644370e-01,1.246905e-01
C,53.5344,10,6.25,7.230685e+00,1.945124e+00,-3.561630e+00,-1.166469e+00,1.494756e-01,1.656816e-01,1.293822e-01
C,53.5344,10,6.3,7.719278e+00,2.117869e+00,-3.828633e+00,-1.291743e+00,1.612615e-01,1.667396e-01,1.339450e-01
C,53.5344,10,6.35,8.220618e+00,2.301016e+00,-4.107791e+00,-1.420403e+00,1.768229e-01,1.676555e-01,1.383535e-01
C,53.5344,10,6.4,8.734635e+00,2.494357e+00,-4.399102e+00,-1.551698e+00,1.960855e-01,1.684726e-01,1.425850e-01
C,53.5344,10,6.45,9.261383e+00,2.697597e+00,-4.702523e+00,-1.684910e+00,2.189176e-01,1.692325e-01,1.466201e-01
C,53.5344,10,6.5,9.801019e+00,2.910361e+00,-5.017962e+00,-1.819360e+00,2.451405e-01,1.699741e-01,1.504422e-01
C,53.5344,10,6.55,1.035378e+01,3.132206e+00,-5.345275e+00,-1.954431e+00,2.745371e-01,1.707335e-01,1.540392e-01
C,53.5344,10,6.6,1.091998e+01,3.362631e+00,-5.684271e+00,-2.089573e+00,3.068619e-01,1.715439e-01,1.574026e-01
C,53.5344,10,6.65,1.149995e+01,3.601095e+00,-6.034712e+00,-2.224316e+00,3.418491e-01,1.724355e-01,1.605280e-01
C,53.5344,10,6.7,1.209406e+01,3.847028e+00,-6.396317e+00,-2.358267e+00,3.792213e-01,1.734356e-01,1.634152e-01
C,53.5344,10,6.75,1.270266e+01,4.099843e+00,-6.768774e+00,-2.491116e+00,4.186957e-01,1.745684e-01,1.660675e-01
C,53.5344,10,6.8,1.332612e+01,4.358951e+00,-7.151737e+00,-2.622632e+00,4.599911e-01,1.758557e-01,1.684919e-01
C,53.5344,10,6.85,1.396475e+01,4.623774e+00,-7.544839e+00,-2.752656e+00,5.028324e-01,1.773163e-01,1.706985e-01
C,53.5344,10,6.9,1.461884e+01,4.893749e+00,-7.947698e+00,-2.881099e+00,5.469545e-01,1.789668e-01,1.726998e-01
C,53.5344,10,6.95,1.528860e+01,5.168342e+00,-8.359921e+00,-3.007928e+00,5.921058e-01,1.808209e-01,1.745107e-01
C,53.5344,10,7,1.597422e+01,5.447048e+00,-8.781111e+00,-3.133155e+00,6.380506e-01,1.828905e-01,1.761479e-01
C,53.5344,10,7.05,1.667579e+01,5.729397e+00,-9.210872e+00,-3.256832e+00,6.845697e-01,1.851846e-01,1.776289e-01
C,53.5344,10,7.1,1.739337e+01,6.014955e+00,-9.648811e+00,-3.379034e+00,7.314633e-01,1.877103e-01,1.789723e-01
C,53.5344,10,7.15,1.812694e+01,6.303328e+00,-1.009455e+01,-3.499850e+00,7.785502e-01,1.904721e-01,1.801970e-01
C,53.5344,10,7.2,1.887642e+01,6.594155e+00,-1.054771e+01,-3.619372e+00,8.256690e-01,1.934722e-01,1.813218e-01
C,53.5344,10,7.25,1.964170e+01,6.887107e+00,-1.100794e+01,-3.737685e+00,8.726793e-01,1.967108e-01,1.823650e-01
C,53.5344,10,7.3,2.042265e+01,7.181888e+00,-1.147492e+01,-3.854862e+00,9.194611e-01,2.001854e-01,1.833446e-01
C,53.5344,10,7.35,2.121911e+01,7.478228e+00,-1.194835e+01,-3.970955e+00,9.659159e-01,2.038918e-01,1.842775e-01
C,53.5344,10,7.4,2.203095e+01,7.775884e+00,-1.242794e+01,-4.085990e+00,1.011967e+00,2.078235e-01,1.851796e-01
C,53.5344,10,7.45,2.285807e+01,8.074628e+00,-1.291348e+01,-4.199968e+00,1.057561e+00,2.119722e-01,1.860656e-01
C,53.5344,10,7.5,2.370048e+01,8.374257e+00,-1.340477e+01,-4.312866e+00,1.102667e+00,2.163281e-01,1.869492e-01
C,53.5344,10,7.55,2.455825e+01,8.674575e+00,-1.390167e+01,-4.424638e+00,1.147276e+00,2.208801e-01,1.878423e-01
C,53.5344,10,7.6,2.543161e+01,8.975407e+00,-1.440411e+01,-4.535221e+00,1.191404e+00,2.256161e-01,1.887559e-01
C,53.5344,10,7.65,2.632094e+01,9.276583e+00,-1.491206e+01,-4.644544e+00,1.235092e+00,2.305240e-01,1.896994e-01
C,53.5344,10,7.7,2.722685e+01,9.577945e+00,-1.542556e+01,-4.752537e+00,1.278400e+00,2.355912e-01,1.906808e-01
C,53.5344,10,7.75,2.815011e+01,9.879348e+00,-1.594472e+01,-4.859141e+00,1.321410e+00,2.408062e-01,1.917069e-01
C,53.5344,10,7.8,2.909178e+01,1.018065e+01,-1.646973e+01,-4.964318e+00,1.364226e+00,2.461583e-01,1.927833e-01
C,53.5344,10,7.85,3.005312e+01,1.048173e+01,-1.700082e+01,-5.068066e+00,1.406966e+00,2.516384e-01,1.939143e-01
C,53.5344,10,7.9,3.103566e+01,1.078247e+01,-1.753832e+01,-5.170427e+00,1.449763e+00,2.572394e-01,1.951032e-01
C,53.5344,10,7.95,3.204099e+01,1.107742e+01,-1.807946e+01,-5.265766e+00,1.492481e+00,2.633375e-01,1.966915e-01
C,53.5344,10,8,3.307141e+01,1.137661e+01,-1.863056e+01,-5.365114e+00,1.535792e+00,2.692116e-01,1.980356e-01
C,53.5344,20,0.05,5.416368e-13,5.371750e-13,-5.394013e-13,-2.600326e-17,2.627820e-09,1.128180e-09,1.118890e-09
C,53.5344,20,0.1,3.463584e-11,3.442573e-11,-3.453062e-11,-1.225250e-15,1.546886e-08,9.034985e-09,8.980248e-09
C,53.5344,20,0.15,3.942190e-10,3.925329e-10,-3.933750e-10,-9.838876e-15,3.678558e-08,3.056590e-08,3.043555e-08
C,53.5344,20,0.2,2.213397e-09,2.207062e-09,-2.210227e-09,-3.699856e-14,5.832017e-08,7.272196e-08,7.251492e-08
C,53.5344,20,0.25,8.437859e-09,8.422555e-09,-8.430203e-09,-8.946691e-14,7.216128e-08,1.427520e-07,1.424952e-07
C,53.5344,20,0.3,2.517993e-08,2.515163e-08,-2.516578e-08,-1.656919e-13,7.727574e-08,2.482468e-07,2.479710e-07
C,53.5344,20,0.35,6.345865e-08,6.340879e-08,-6.343371e-08,-2.921842e-13,8.579054e-08,3.972362e-07,3.969292e-07
C,53.5344,20,0.4,1.413244e-07,1.412127e-07,-1.412686e-07,-6.559489e-13,1.288904e-07,5.982894e-07,5.978263e-07
C,53.5344,20,0.45,2.863682e-07,2.860445e-07,-2.862063e-07,-1.904883e-12,2.625361e-07,8.606188e-07,8.596711e-07
C,53.5344,20,0.5,5.386153e-07,5.376471e-07,-5.381310e-07,-5.710349e-12,5.729986e-07,1.194189e-06,1.192110e-06
C,53.5344,20,0.55,9.538034e-07,9.511481e-07,-9.524748e-07,-1.569699e-11,1.182096e-06,1.609831e-06,1.605519e-06
C,53.5344,20,0.6,1.607045e-06,1.600486e-06,-1.603762e-06,-3.887006e-11,2.251950e-06,2.119361e-06,2.111098e-06
C,53.5344,20,0.65,2.596872e-06,2.582120e-06,-2.589486e-06,-8.768601e-11,3.990074e-06,2.735709e-06,2.720973e-06
C,53.5344,20,0.7,4.049672e-06,4.018997e-06,-4.034305e-06,-1.829022e-10,6.653901e-06,3.473052e-06,3.448303e-06
C,53.5344,20,0.75,6.124490e-06,6.064746e-06,-6.094545e-06,-3.574201e-10,1.055524e-05,4.346956e-06,4.307391e-06
C,53.5344,20,0.8,9.018234e-06,8.908093e-06,-8.962994e-06,-6.612745e-10,1.606462e-05,5.374527e-06,5.313810e-06
C,53.5344,20,0.85,1.297123e-05,1.277743e-05,-1.287397e-05,-1.168017e-09,2.361508e-05,6.574574e-06,6.484523e-06
C,53.5344,20,0.9,1.827320e-05,1.794557e-05,-1.810864e-05,-1.982644e-09,3.370658e-05,7.967783e-06,7.838022e-06
C,53.5344,20,0.95,2.526953e-05,2.473455e-05,-2.500060e-05,-3.251433e-09,4.690975e-05,9.576898e-06,9.394467e-06
C,53.5344,20,1,3.436803e-05,3.352058e-05,-3.394166e-05,-5.173763e-09,6.387037e-05,1.142692e-05,1.117584e-05
C,53.5344,20,1.05,4.604591e-05,4.473906e-05,-4.538777e-05,-8.016355e-09,8.531071e-05,1.354533e-05,1.320612e-05
C,53.5344,20,1.1,6.085722e-05,5.888951e-05,-5.986526e-05,-1.213012e-08,1.120360e-04,1.596230e-05,1.551142e-05
C,53.5344,20,1.15,7.944060e-05,7.654057e-05,-7.797707e-05,-1.796989e-08,1.449369e-04,1.871094e-05,1.812019e-05
C,53.5344,20,1.2,1.025273e-04,9.833498e-05,-1.004092e-04,-2.611713e-08,1.849911e-04,2.182760e-05,2.106344e-05
C,53.5344,20,1.25,1.309498e-04,1.249943e-04,-1.279373e-04,-3.730654e-08,2.332707e-04,2.535210e-05,2.437488e-05
C,53.5344,20,1.3,1.656501e-04,1.573238e-04,-1.614331e-04,-5.245633e-08,2.909403e-04,2.932809e-05,2.809120e-05
C,53.5344,20,1.35,2.076893e-04,1.962167e-04,-2.018713e-04,-7.270102e-08,3.592674e-04,3.380333e-05,3.225228e-05
C,53.5344,20,1.4,2.582561e-04,2.426588e-04,-2.503357e-04,-9.943073e-08,4.396180e-04,3.883012e-05,3.690142e-05
C,53.5344,20,1.45,3.186772e-04,2.977327e-04,-3.080266e-04,-1.343348e-07,5.334647e-04,4.446563e-05,4.208564e-05
C,53.5344,20,1.5,3.904263e-04,3.626213e-04,-3.762664e-04,-1.794440e-07,6.423877e-04,5.077236e-05,4.785596e-05
C,53.5344,20,1.55,4.751346e-04,4.386113e-04,-4.565070e-04,-2.371882e-07,7.680824e-04,5.781858e-05,5.426768e-05
C,53.5344,20,1.6,5.746002e-04,5.270969e-04,-5.503350e-04,-3.104448e-07,9.123574e-04,6.567883e-05,6.138072e-05
C,53.5344,20,1.65,6.907992e-04,6.295819e-04,-6.594789e-04,-4.026032e-07,1.077143e-03,7.443449e-05,6.926000e-05
C,53.5344,20,1.7,8.258952e-04,7.476828e-04,-7.858142e-04,-5.176236e-07,1.264489e-03,8.417433e-05,7.797574e-05
C,53.5344,20,1.75,9.822500e-04,8.831300e-04,-9.313692e-04,-6.601039e-07,1.476573e-03,9.499519e-05,8.760391e-05
C,53.5344,20,1.8,1.162434e-03,1.037770e-03,-1.098330e-03,-8.353489e-07,1.715701e-03,1.070026e-04,9.822668e-05
C,53.5344,20,1.85,1.369235e-03,1.213565e-03,-1.289047e-03,-1.049424e-06,1.984321e-03,1.203118e-04,1.099328e-04
C,53.5344,20,1.9,1.605672e-03,1.412595e-03,-1.506035e-03,-1.309231e-06,2.285012e-03,1.350480e-04,1.228182e-04
C,53.5344,20,1.95,1.875000e-03,1.637057e-03,-1.751984e-03,-1.622565e-06,2.620499e-03,1.513480e-04,1.369864e-04
C,53.5344,20,2,2.180724e-03,1.889261e-03,-2.029755e-03,-1.998155e-06,2.993653e-03,1.693607e-04,1.525492e-04
C,53.5344,20,2.05,2.526605e-03,2.171634e-03,-2.342388e-03,-2.445713e-06,3.407493e-03,1.892482e-04,1.696272e-04
C,53.5344,20,2.1,2.916670e-03,2.486713e-03,-2.693104e-03,-2.975933e-06,3.865202e-03,2.111875e-04,1.883504e-04
C,53.5344,20,2.15,3.355220e-03,2.837145e-03,-3.085300e-03,-3.600508e-06,4.370124e-03,2.353709e-04,2.088593e-04
C,53.5344,20,2.2,3.846838e-03,3.225679e-03,-3.522560e-03,-4.332066e-06,4.925769e-03,2.620082e-04,2.313051e-04
C,53.5344,20,2.25,4.396395e-03,3.655168e-03,-4.008643e-03,-5.184080e-06,5.535818e-03,2.913281e-04,2.558510e-04
C,53.5344,20,2.3,5.009055e-03,4.128556e-03,-4.547492e-03,-6.170754e-06,6.204144e-03,3.235794e-04,2.826727e-04
C,53.5344,20,2.35,5.690280e-03,4.648876e-03,-5.143222e-03,-7.306759e-06,6.934791e-03,3.590338e-04,3.119597e-04
C,53.5344,20,2.4,6.445834e-03,5.219244e-03,-5.800125e-03,-8.606984e-06,7.732011e-03,3.979871e-04,3.439162e-04
C,53.5344,20,2.45,7.281784e-03,5.842845e-03,-6.522657e-03,-1.008600e-05,8.600250e-03,4.407619e-04,3.787623e-04
C,53.5344,20,2.5,8.204503e-03,6.522931e-03,-7.315439e-03,-1.175766e-05,9.544174e-03,4.877103e-04,4.167351e-04
C,53.5344,20,2.55,9.220660e-03,7.262804e-03,-8.183243e-03,-1.363417e-05,1.056865e-02,5.392161e-04,4.580902e-04
C,53.5344,20,2.6,1.033723e-02,8.065812e-03,-9.130986e-03,-1.572527e-05,1.167878e-02,5.956985e-04,5.031030e-04
C,53.5344,20,2.65,1.156147e-02,8.935331e-03,-1.016372e-02,-1.803694e-05,1.287993e-02,6.576152e-04,5.520702e-04
C,53.5344,20,2.7,1.290093e-02,9.874753e-03,-1.128662e-02,-2.056983e-05,1.417766e-02,7.254661e-04,6.053119e-04
C,53.5344,20,2.75,1.436344e-02,1.088747e-02,-1.250496e-02,-2.331757e-05,1.557785e-02,7.997975e-04,6.631729e-04
C,53.5344,20,2.8,1.595709e-02,1.197688e-02,-1.382412e-02,-2.626396e-05,1.708661e-02,8.812069e-04,7.260251e-04
C,53.5344,20,2.85,1.769020e-02,1.314632e-02,-1.524953e-02,-2.938044e-05,1.871036e-02,9.703480e-04,7.942696e-04
C,53.5344,20,2.9,1.957134e-02,1.439911e-02,-1.678670e-02,-3.262232e-05,2.045580e-02,1.067936e-03,8.683388e-04
C,53.5344,20,2.95,2.160926e-02,1.573850e-02,-1.844115e-02,-3.592421e-05,2.232994e-02,1.174756e-03,9.486994e-04
C,53.5344,20,3,2.381291e-02,1.716765e-02,-2.021842e-02,-3.919506e-05,2.434016e-02,1.291665e-03,1.035855e-03
C,53.5344,20,3.05,2.619137e-02,1.868964e-02,-2.212403e-02,-4.231158e-05,2.649413e-02,1.419607e-03,1.130349e-03
C,53.5344,20,3.1,2.875387e-02,2.030741e-02,-2.416346e-02,-4.510999e-05,2.879989e-02,1.559616e-03,1.232770e-03
C,53.5344,20,3.15,3.150971e-02,2.202376e-02,-2.634212e-02,-4.737738e-05,3.126590e-02,1.712827e-03,1.343749e-03
C,53.5344,20,3.2,3.446822e-02,2.384136e-02,-2.866532e-02,-4.884019e-05,3.390096e-02,1.880490e-03,1.463974e-03
C,53.5344,20,3.25,3.763876e-02,2.576266e-02,-3.113823e-02,-4.915052e-05,3.671431e-02,2.063977e-03,1.594184e-03
C,53.5344,20,3.3,4.103065e-02,2.778993e-02,-3.376586e-02,-4.787052e-05,3.971560e-02,2.264802e-03,1.735179e-03
C,53.5344,20,3.35,4.465316e-02,2.992523e-02,-3.655306e-02,-4.445347e-05,4.291497e-02,2.484631e-03,1.887827e-03
C,53.5344,20,3.4,4.851543e-02,3.217039e-02,-3.950444e-02,-3.822102e-05,4.632296e-02,2.725302e-03,2.053063e-03
C,53.5344,20,3.45,5.262648e-02,3.452695e-02,-4.262437e-02,-2.833782e-05,4.995067e-02,2.988842e-03,2.231903e-03
C,53.5344,20,3.5,5.699514e-02,3.699623e-02,-4.591697e-02,-1.377820e-05,5.380957e-02,3.277493e-03,2.425445e-03
C,53.5344,20,3.55,6.163008e-02,3.957928e-02,-4.938608e-02,6.709098e-06,5.791175e-02,3.593733e-03,2.634879e-03
C,53.5344,20,3.6,6.653978e-02,4.227683e-02,-5.303527e-02,3.464250e-05,6.226975e-02,3.940302e-03,2.861496e-03
C,53.5344,20,3.65,7.173257e-02,4.508938e-02,-5.686782e-02,7.186201e-05,6.689661e-02,4.320237e-03,3.106695e-03
C,53.5344,20,3.7,7.721666e-02,4.801715e-02,-6.088678e-02,1.205823e-04,7.180587e-02,4.736904e-03,3.371993e-03
C,53.5344,20,3.75,8.300027e-02,5.106010e-02,-6.509498e-02,1.834629e-04,7.701155e-02,5.194039e-03,3.659038e-03
C,53.5344,20,3.8,8.909173e-02,5.421797e-02,-6.949512e-02,2.636869e-04,8.252811e-02,5.695786e-03,3.969618e-03
C,53.5344,20,3.85,9.549978e-02,5.749034e-02,-7.408987e-02,3.650462e-04,8.837039e-02,6.246754e-03,4.305676e-03
C,53.5344,20,3.9,1.022338e-01,6.087663e-02,-7.888199e-02,4.920466e-04,9.455352e-02,6.852067e-03,4.669322e-03
C,53.5344,20,3.95,1.093042e-01,6.437625e-02,-8.387458e-02,6.500202e-04,1.010928e-01,7.517424e-03,5.062852e-03
C,53.5344,20,4,1.167232e-01,6.798866e-02,-8.907127e-02,8.452541e-04,1.080038e-01,8.249173e-03,5.488758e-03
C,53.5344,20,4.05,1.245054e-01,7.171351e-02,-9.447665e-02,1.085128e-03,1.153016e-01,9.054380e-03,5.949757e-03
C,53.5344,20,4.1,1.326689e-01,7.555076e-02,-1.000966e-01,1.378274e-03,1.230012e-01,9.940923e-03,6.448799e-03
C,53.5344,20,4.15,1.412366e-01,7.950100e-02,-1.059391e-01,1.734737e-03,1.311166e-01,1.091758e-02,6.989097e-03
C,53.5344,20,4.2,1.502380e-01,8.356555e-02,-1.120146e-01,2.166139e-03,1.396610e-01,1.199412e-02,7.574150e-03
C,53.5344,20,4.25,1.597111e-01,8.774692e-02,-1.183373e-01,2.685850e-03,1.486455e-01,1.318143e-02,8.207761e-03
C,53.5344,20,4.3,1.697057e-01,9.204909e-02,-1.249261e-01,3.309142e-03,1.580792e-01,1.449165e-02,8.894077e-03
C,53.5344,20,4.35,1.802863e-01,9.647799e-02,-1.318060e-01,4.053305e-03,1.679677e-01,1.593825e-02,9.637606e-03
C,53.5344,20,4.4,1.915375e-01,1.010421e-01,-1.390101e-01,4.937720e-03,1.783126e-01,1.753621e-02,1.044325e-02
C,53.5344,20,4.45,2.035684e-01,1.057532e-01,-1.465814e-01,5.983831e-03,1.891093e-01,1.930211e-02,1.131636e-02
C,53.5344,20,4.5,2.165204e-01,1.106268e-01,-1.545760e-01,7.214970e-03,2.003466e-01,2.125429e-02,1.226273e-02
C,53.5344,20,4.55,2.305757e-01,1.156835e-01,-1.630656e-01,8.656007e-03,2.120034e-01,2.341296e-02,1.328867e-02
C,53.5344,20,4.6,2.459673e-01,1.209503e-01,-1.721422e-01,1.033263e-02,2.240470e-01,2.580028e-02,1.440102e-02
C,53.5344,20,4.65,2.629925e-01,1.264611e-01,-1.819220e-01,1.227027e-02,2.364302e-01,2.844037e-02,1.560721e-02
C,53.5344,20,4.7,2.820276e-01,1.322592e-01,-1.925514e-01,1.449240e-02,2.490873e-01,3.135936e-02,1.691527e-02
C,53.5344,20,4.75,3.035468e-01,1.383986e-01,-2.042129e-01,1.701802e-02,2.619305e-01,3.458524e-02,1.833388e-02
C,53.5344,20,4.8,3.281431e-01,1.449466e-01,-2.171329e-01,1.985813e-02,2.748446e-01,3.814761e-02,1.987240e-02
C,53.5344,20,4.85,3.565536e-01,1.519856e-01,-2.315898e-01,2.301076e-02,2.876826e-01,4.207725e-02,2.154089e-02
C,53.5344,20,4.9,3.896866e-01,1.596169e-01,-2.479229e-01,2.645424e-02,3.002593e-01,4.640546e-02,2.335013e-02
C,53.5344,20,4.95,4.286518e-01,1.679632e-01,-2.665421e-01,3.013839e-02,3.123454e-01,5.116309e-02,2.531161e-02
C,53.5344,20,5,4.747913e-01,1.771728e-01,-2.879376e-01,3.397288e-02,3.236623e-01,5.637916e-02,2.743754e-02
C,53.5344,20,5.05,5.297095e-01,1.874237e-01,-3.126892e-01,3.781285e-02,3.338769e-01,6.207905e-02,2.974077e-02
C,53.5344,20,5.1,5.952983e-01,1.989280e-01,-3.414731e-01,4.144098e-02,3.425986e-01,6.828218e-02,3.223477e-02
C,53.5344,20,5.15,6.737532e-01,2.119372e-01,-3.750666e-01,4.454651e-02,3.493798e-01,7.499910e-02,3.493352e-02
C,53.5344,20,5.2,7.675716e-01,2.267444e-01,-4.143435e-01,4.670649e-02,3.537218e-01,8.222842e-02,3.785054e-02
C,53.5344,20,5.25,8.795369e-01,2.437014e-01,-4.602806e-01,4.734210e-02,3.550802e-01,8.995190e-02,4.100180e-02
C,53.5344,20,5.3,1.012655e+00,2.632083e-01,-5.139212e-01,4.572050e-02,3.528940e-01,9.813216e-02,4.440104e-02
C,53.5344,20,5.35,1.170067e+00,2.857296e-01,-5.763611e-01,4.091798e-02,3.466086e-01,1.067081e-01,4.806235e-02
C,53.5344,20,5.4,1.354911e+00,3.117971e-01,-6.487070e-01,3.181226e-02,3.357181e-01,1.155923e-01,5.199909e-02
C,53.5344,20,5.45,1.570141e+00,3.420150e-01,-7.320292e-01,1.708473e-02,3.198152e-01,1.246701e-01,5.622347e-02
C,53.5344,20,5.5,1.818317e+00,3.770639e-01,-8.273071e-01,-4.758578e-03,2.986474e-01,1.338007e-01,6.074612e-02
C,53.5344,20,5.55,2.101366e+00,4.177040e-01,-9.353753e-01,-3.534207e-02,2.721746e-01,1.428214e-01,6.557555e-02
C,53.5344,20,5.6,2.420372e+00,4.647768e-01,-1.056878e+00,-7.635148e-02,2.406195e-01,1.515547e-01,7.071750e-02
C,53.5344,20,5.65,2.775402e+00,5.192051e-01,-1.192240e+00,-1.294429e-01,2.045026e-01,1.598193e-01,7.617440e-02
C,53.5344,20,5.7,3.165416e+00,5.819891e-01,-1.341666e+00,-1.961365e-01,1.646523e-01,1.674420e-01,8.194460e-02
C,53.5344,20,5.75,3.588290e+00,6.542009e-01,-1.505168e+00,-2.777073e-01,1.221847e-01,1.742707e-01,8.802158e-02
C,53.5344,20,5.8,4.040953e+00,7.369731e-01,-1.682621e+00,-3.750855e-01,7.845432e-02,1.801862e-01,9.439318e-02
C,53.5344,20,5.85,4.519621e+00,8.314825e-01,-1.873839e+00,-4.887790e-01,3.497688e-02,1.851105e-01,1.010407e-01
C,53.5344,20,5.9,5.020110e+00,9.389264e-01,-2.078659e+00,-6.188274e-01,-6.662634e-03,1.890113e-01,1.079380e-01
C,53.5344,20,5.95,5.538168e+00,1.060492e+00,-2.297017e+00,-7.647906e-01,-4.490610e-02,1.919014e-01,1.150510e-01
C,53.5344,20,6,6.069786e+00,1.197318e+00,-2.529002e+00,-9.257695e-01,-7.831093e-02,1.938342e-01,1.223368e-01
C,53.5344,20,6.05,6.611450e+00,1.350448e+00,-2.774880e+00,-1.100451e+00,-1.056215e-01,1.948958e-01,1.297439e-01
C,53.5344,20,6.1,7.160307e+00,1.520783e+00,-3.035089e+00,-1.287174e+00,-1.258189e-01,1.951952e-01,1.372121e-01
C,53.5344,20,6.15,7.714247e+00,1.709025e+00,-3.310188e+00,-1.484000e+00,-1.381487e-01,1.948553e-01,1.446737e-01
C,53.5344,20,6.2,8.271909e+00,1.915629e+00,-3.600806e+00,-1.688790e+00,-1.421275e-01,1.940036e-01,1.520546e-01
C,53.5344,20,6.25,8.832625e+00,2.140757e+00,-3.907556e+00,-1.899281e+00,-1.375349e-01,1.927652e-01,1.592767e-01
C,53.5344,20,6.3,9.396325e+00,2.384247e+00,-4.230960e+00,-2.113164e+00,-1.243935e-01,1.912579e-01,1.662602e-01
C,53.5344,20,6.35,9.963427e+00,2.645593e+00,-4.571378e+00,-2.328153e+00,-1.029414e-01,1.895888e-01,1.729269e-01
C,53.5344,20,6.4,1.053471e+01,2.923946e+00,-4.928952e+00,-2.542060e+00,-7.360023e-02,1.878527e-01,1.792032e-01
C,53.5344,20,6.45,1.111123e+01,3.218138e+00,-5.303567e+00,-2.752854e+00,-3.694170e-02,1.861315e-01,1.850235e-01
C,53.5344,20,6.5,1.169419e+01,3.526718e+00,-5.694842e+00,-2.958727e+00,6.347789e-03,1.844954e-01,1.903325e-01
C,53.5344,20,6.55,1.228487e+01,3.848010e+00,-6.102139e+00,-3.158139e+00,5.550184e-02,1.830033e-01,1.950881e-01
C,53.5344,20,6.6,1.288456e+01,4.180182e+00,-6.524586e+00,-3.349857e+00,1.097059e-01,1.817046e-01,1.992623e-01
C,53.5344,20,6.65,1.349455e+01,4.521323e+00,-6.961131e+00,-3.532978e+00,1.681287e-01,1.806405e-01,2.028423e-01
C,53.5344,20,6.7,1.411599e+01,4.869510e+00,-7.410576e+00,-3.706930e+00,2.299480e-01,1.798454e-01,2.058301e-01
C,53.5344,20,6.75,1.474995e+01,5.222887e+00,-7.871648e+00,-3.871470e+00,2.943734e-01,1.793481e-01,2.082414e-01
C,53.5344,20,6.8,1.539735e+01,5.579716e+00,-8.343036e+00,-4.026656e+00,3.606633e-01,1.791727e-01,2.101043e-01
C,53.5344,20,6.85,1.605893e+01,5.938424e+00,-8.823444e+00,-4.172806e+00,4.281371e-01,1.793399e-01,2.114571e-01
C,53.5344,20,6.9,1.673524e+01,6.297637e+00,-9.311617e+00,-4.310464e+00,4.961817e-01,1.798667e-01,2.123460e-01
C,53.5344,20,6.95,1.742661e+01,6.656193e+00,-9.806373e+00,-4.440340e+00,5.642544e-01,1.807679e-01,2.128227e-01
C,53.5344,20,7,1.813314e+01,7.013141e+00,-1.030661e+01,-4.563261e+00,6.318819e-01,1.820550e-01,2.129423e-01
C,53.5344,20,7.05,1.885468e+01,7.367741e+00,-1.081131e+01,-4.680118e+00,6.986543e-01,1.837373e-01,2.127613e-01
C,53.5344,20,7.1,1.959079e+01,7.719434e+00,-1.131953e+01,-4.791811e+00,7.642212e-01,1.858209e-01,2.123356e-01
C,53.5344,20,7.15,2.034078e+01,8.067830e+00,-1.183040e+01,-4.899207e+00,8.282842e-01,1.883086e-01,2.117195e-01
C,53.5344,20,7.2,2.110366e+01,8.412679e+00,-1.234314e+01,-5.003091e+00,8.905894e-01,1.911995e-01,2.109643e-01
C,53.5344,20,7.25,2.187817e+01,8.753835e+00,-1.285698e+01,-5.104132e+00,9.509232e-01,1.944883e-01,2.101177e-01
C,53.5344,20,7.3,2.266280e+01,9.091238e+00,-1.337122e+01,-5.202849e+00,1.009107e+00,1.981647e-01,2.092234e-01
C,53.5344,20,7.35,2.345585e+01,9.424884e+00,-1.388521e+01,-5.299585e+00,1.064997e+00,2.022132e-01,2.083207e-01
C,53.5344,20,7.4,2.425548e+01,9.754803e+00,-1.439832e+01,-5.394492e+00,1.118482e+00,2.066120e-01,2.074442e-01
C,53.5344,20,7.45,2.505977e+01,1.008104e+01,-1.491004e+01,-5.487519e+00,1.169490e+00,2.113335e-01,2.066242e-01
C,53.5344,20,7.5,2.586689e+01,1.040362e+01,-1.541987e+01,-5.578414e+00,1.217988e+00,2.163439e-01,2.058868e-01
C,53.5344,20,7.55,2.667518e+01,1.072259e+01,-1.592749e+01,-5.666739e+00,1.263991e+00,2.216042e-01,2.052535e-01
C,53.5344,20,7.6,2.748331e+01,1.103794e+01,-1.643265e+01,-5.751894e+00,1.307568e+00,2.270704e-01,2.047425e-01
C,53.5344,20,7.65,2.829039e+01,1.134962e+01,-1.693529e+01,-5.833151e+00,1.348847e+00,2.326957e-01,2.043676e-01
C,53.5344,20,7.7,2.909613e+01,1.165759e+01,-1.743552e+01,-5.909708e+00,1.388018e+00,2.384316e-01,2.041396e-01
C,53.5344,20,7.75,2.990097e+01,1.196173e+01,-1.793365e+01,-5.980739e+00,1.425340e+00,2.442306e-01,2.040658e-01
C,53.5344,20,7.8,3.070606e+01,1.226191e+01,-1.843018e+01,-6.045463e+00,1.461129e+00,2.500481e-01,2.041508e-01
C,53.5344,20,7.85,3.151342e+01,1.255797e+01,-1.892579e+01,-6.103200e+00,1.495761e+00,2.558447e-01,2.043960e-01
C,53.5344,20,7.9,3.232580e+01,1.284972e+01,-1.942134e+01,-6.153431e+00,1.529655e+00,2.615884e-01,2.048005e-01
C,53.5344,20,7.95,3.314669e+01,1.313699e+01,-1.991783e+01,-6.195849e+00,1.563268e+00,2.672561e-01,2.053610e-01
C,53.5344,20,8,3.399273e+01,1.342016e+01,-2.042247e+01,-6.225416e+00,1.596907e+00,2.732656e-01,2.064486e-01
C,53.5344,30,0.05,5.398740e-13,5.354340e-13,-5.376494e-13,-2.054707e-17,2.619496e-09,8.943048e-10,8.869522e-10
C,53.5344,30,0.1,3.452318e-11,3.431408e-11,-3.441847e-11,-9.680807e-16,1.542037e-08,7.161475e-09,7.118155e-09
C,53.5344,30,0.15,3.929374e-10,3.912594e-10,-3.920975e-10,-7.774245e-15,3.666941e-08,2.422477e-08,2.412162e-08
C,53.5344,30,0.2,2.206205e-09,2.199901e-09,-2.203051e-09,-2.923219e-14,5.813682e-08,5.762570e-08,5.746187e-08
C,53.5344,30,0.25,8.410460e-09,8.395231e-09,-8.402842e-09,-7.069736e-14,7.193097e-08,1.130949e-07,1.128917e-07
C,53.5344,30,0.3,2.509823e-08,2.507006e-08,-2.508414e-08,-1.308957e-13,7.703684e-08,1.966247e-07,1.964065e-07
C,53.5344,30,0.35,6.325288e-08,6.320326e-08,-6.322806e-08,-2.309479e-13,8.551741e-08,3.145441e-07,3.143011e-07
C,53.5344,30,0.4,1.408665e-07,1.407553e-07,-1.408109e-07,-5.182897e-13,1.284465e-07,4.735967e-07,4.732303e-07
C,53.5344,30,0.45,2.854410e-07,2.851189e-07,-2.852799e-07,-1.505115e-12,2.616820e-07,6.810211e-07,6.802715e-07
C,53.5344,30,0.5,5.368728e-07,5.359092e-07,-5.363908e-07,-4.511576e-12,5.712210e-07,9.446361e-07,9.429922e-07
C,53.5344,30,0.55,9.507202e-07,9.480777e-07,-9.493980e-07,-1.240210e-11,1.178335e-06,1.272929e-06,1.269520e-06
C,53.5344,30,0.6,1.601854e-06,1.595327e-06,-1.598587e-06,-3.071313e-11,2.244901e-06,1.675151e-06,1.668618e-06
C,53.5344,30,0.65,2.588492e-06,2.573811e-06,-2.581141e-06,-6.929094e-11,3.977476e-06,2.161413e-06,2.149762e-06
C,53.5344,30,0.7,4.036613e-06,4.006085e-06,-4.021320e-06,-1.445435e-10,6.632938e-06,2.742794e-06,2.723228e-06
C,53.5344,30,0.75,6.104757e-06,6.045300e-06,-6.074956e-06,-2.824959e-10,1.052192e-05,3.431450e-06,3.400176e-06
C,53.5344,30,0.8,8.989199e-06,8.879588e-06,-8.934225e-06,-5.227202e-10,1.601387e-05,4.240735e-06,4.192746e-06
C,53.5344,30,0.85,1.292950e-05,1.273663e-05,-1.283270e-05,-9.234501e-10,2.354041e-05,5.185329e-06,5.114159e-06
C,53.5344,30,0.9,1.821445e-05,1.788839e-05,-1.805068e-05,-1.567797e-09,3.360029e-05,6.281366e-06,6.178820e-06
C,53.5344,30,0.95,2.518834e-05,2.465591e-05,-2.492070e-05,-2.571681e-09,4.676191e-05,7.546588e-06,7.402429e-06
C,53.5344,30,1,3.425765e-05,3.341427e-05,-3.383332e-05,-4.093169e-09,6.366857e-05,9.000499e-06,8.802104e-06
C,53.5344,30,1.05,4.589807e-05,4.459748e-05,-4.524309e-05,-6.343899e-09,8.504171e-05,1.066452e-05,1.039650e-05
C,53.5344,30,1.1,6.066188e-05,5.870359e-05,-5.967468e-05,-9.602481e-09,1.116832e-04,1.256220e-05,1.220596e-05
C,53.5344,30,1.15,7.918562e-05,7.629947e-05,-7.772912e-05,-1.423051e-08,1.444805e-04,1.471936e-05,1.425262e-05
C,53.5344,30,1.2,1.021982e-04,9.802590e-05,-1.000903e-04,-2.069084e-08,1.844096e-04,1.716436e-05,1.656061e-05
C,53.5344,30,1.25,1.305293e-04,1.246022e-04,-1.275313e-04,-2.956859e-08,2.325383e-04,1.992825e-05,1.915616e-05
C,53.5344,30,1.3,1.651179e-04,1.568313e-04,-1.609211e-04,-4.159625e-08,2.900284e-04,2.304510e-05,2.206784e-05
C,53.5344,30,1.35,2.070213e-04,1.956035e-04,-2.012313e-04,-5.768061e-08,3.581431e-04,2.655218e-05,2.532667e-05
C,53.5344,30,1.4,2.574245e-04,2.419018e-04,-2.495422e-04,-7.893435e-08,4.382432e-04,3.049030e-05,2.896635e-05
C,53.5344,30,1.45,3.176493e-04,2.968051e-04,-3.070500e-04,-1.067108e-07,5.317992e-04,3.490409e-05,3.302347e-05
C,53.5344,30,1.5,3.891645e-04,3.614925e-04,-3.750728e-04,-1.426421e-07,6.403873e-04,3.984233e-05,3.753773e-05
C,53.5344,30,1.55,4.735950e-04,4.372467e-04,-4.550572e-04,-1.886826e-07,7.656976e-04,4.535833e-05,4.255216e-05
C,53.5344,30,1.6,5.727327e-04,5.254572e-04,-5.485847e-04,-2.471545e-07,9.095353e-04,5.151028e-05,4.811338e-05
C,53.5344,30,1.65,6.885456e-04,6.276226e-04,-6.573770e-04,-3.207985e-07,1.073820e-03,5.836173e-05,5.427188e-05
C,53.5344,30,1.7,8.231892e-04,7.453536e-04,-7.833029e-04,-4.128258e-07,1.260603e-03,6.598200e-05,6.108229e-05
C,53.5344,30,1.75,9.790151e-04,8.803742e-04,-9.283824e-04,-5.269751e-07,1.472055e-03,7.444670e-05,6.860372e-05
C,53.5344,30,1.8,1.158583e-03,1.034524e-03,-1.094793e-03,-6.675724e-07,1.710484e-03,8.383828e-05,7.690005e-05
C,53.5344,30,1.85,1.364668e-03,1.209756e-03,-1.284874e-03,-8.395847e-07,1.978321e-03,9.424663e-05,8.604031e-05
C,53.5344,30,1.9,1.600274e-03,1.408143e-03,-1.501130e-03,-1.048683e-06,2.278148e-03,1.057697e-04,9.609906e-05
C,53.5344,30,1.95,1.868641e-03,1.631869e-03,-1.746237e-03,-1.301299e-06,2.612684e-03,1.185142e-04,1.071568e-04
C,53.5344,30,2,2.173252e-03,1.883235e-03,-2.023041e-03,-1.604671e-06,2.984797e-03,1.325965e-04,1.193005e-04
C,53.5344,30,2.05,2.517848e-03,2.164653e-03,-2.334565e-03,-1.966896e-06,3.397503e-03,1.481433e-04,1.326237e-04
C,53.5344,30,2.1,2.906431e-03,2.478645e-03,-2.684008e-03,-2.396936e-06,3.853994e-03,1.652926e-04,1.472277e-04
C,53.5344,30,2.15,3.343272e-03,2.827840e-03,-3.074749e-03,-2.904663e-06,4.357607e-03,1.841947e-04,1.632215e-04
C,53.5344,30,2.2,3.832919e-03,3.214969e-03,-3.510339e-03,-3.500822e-06,4.911848e-03,2.050136e-04,1.807226e-04
C,53.5344,30,2.25,4.380202e-03,3.642857e-03,-3.994512e-03,-4.196990e-06,5.520410e-03,2.279277e-04,1.998577e-04
C,53.5344,30,2.3,4.990241e-03,4.114424e-03,-4.531170e-03,-5.005499e-06,6.187172e-03,2.531316e-04,2.207635e-04
C,53.5344,30,2.35,5.668440e-03,4.632671e-03,-5.124390e-03,-5.939270e-06,6.916193e-03,2.808373e-04,2.435871e-04
C,53.5344,30,2.4,6.420501e-03,5.200675e-03,-5.778411e-03,-7.011642e-06,7.711733e-03,3.112759e-04,2.684871e-04
C,53.5344,30,2.45,7.252412e-03,5.821580e-03,-6.497635e-03,-8.236019e-06,8.578260e-03,3.446997e-04,2.956346e-04
C,53.5344,30,2.5,8.170456e-03,6.498585e-03,-7.286612e-03,-9.625506e-06,9.520466e-03,3.813835e-04,3.252137e-04
C,53.5344,30,2.55,9.181196e-03,7.234935e-03,-8.150034e-03,-1.119232e-05,1.054325e-02,4.216276e-04,3.574231e-04
C,53.5344,30,2.6,1.029148e-02,8.033907e-03,-9.092727e-03,-1.294716e-05,1.165176e-02,4.657596e-04,3.924768e-04
C,53.5344,30,2.65,1.150842e-02,8.898795e-03,-1.011963e-02,-1.489813e-05,1.285140e-02,5.141374e-04,4.306054e-04
C,53.5344,30,2.7,1.283939e-02,9.832897e-03,-1.123579e-02,-1.704976e-05,1.414783e-02,5.671521e-04,4.720580e-04
C,53.5344,30,2.75,1.429200e-02,1.083950e-02,-1.244632e-02,-1.940137e-05,1.554698e-02,6.252314e-04,5.171026e-04
C,53.5344,30,2.8,1.587408e-02,1.192185e-02,-1.375641e-02,-2.194530e-05,1.705506e-02,6.888431e-04,5.660288e-04
C,53.5344,30,2.85,1.759368e-02,1.308315e-02,-1.517130e-02,-2.466462e-05,1.867861e-02,7.584994e-04,6.191490e-04
C,53.5344,30,2.9,1.945898e-02,1.432654e-02,-1.669622e-02,-2.753016e-05,2.042447e-02,8.347617e-04,6.768000e-04
C,53.5344,30,2.95,2.147833e-02,1.565505e-02,-1.833640e-02,-3.049722e-05,2.229986e-02,9.182450e-04,7.393460e-04
C,53.5344,30,3,2.366017e-02,1.707160e-02,-2.009703e-02,-3.350092e-05,2.431231e-02,1.009624e-03,8.071799e-04
C,53.5344,30,3.05,2.601297e-02,1.857899e-02,-2.198320e-02,-3.645149e-05,2.646977e-02,1.109641e-03,8.807266e-04
C,53.5344,30,3.1,2.854524e-02,2.017981e-02,-2.399990e-02,-3.922729e-05,2.878059e-02,1.219110e-03,9.604451e-04
C,53.5344,30,3.15,3.126542e-02,2.187648e-02,-2.615194e-02,-4.166772e-05,3.125358e-02,1.338927e-03,1.046832e-03
C,53.5344,30,3.2,3.418181e-02,2.367120e-02,-2.844395e-02,-4.356322e-05,3.389796e-02,1.470079e-03,1.140425e-03
C,53.5344,30,3.25,3.730256e-02,2.556592e-02,-3.088027e-02,-4.464447e-05,3.672348e-02,1.613653e-03,1.241805e-03
C,53.5344,30,3.3,4.063553e-02,2.756227e-02,-3.346498e-02,-4.456846e-05,3.974043e-02,1.770850e-03,1.351602e-03
C,53.5344,30,3.35,4.418823e-02,2.966159e-02,-3.620175e-02,-4.290266e-05,4.295962e-02,1.942995e-03,1.470500e-03
C,53.5344,30,3.4,4.796773e-02,3.186486e-02,-3.909387e-02,-3.910515e-05,4.639252e-02,2.131554e-03,1.599238e-03
C,53.5344,30,3.45,5.198054e-02,3.417269e-02,-4.214411e-02,-3.250027e-05,5.005117e-02,2.338150e-03,1.738620e-03
C,53.5344,30,3.5,5.623256e-02,3.658526e-02,-4.535475e-02,-2.225277e-05,5.394837e-02,2.564583e-03,1.889519e-03
C,53.5344,30,3.55,6.072889e-02,3.910228e-02,-4.872740e-02,-7.333144e-06,5.809759e-02,2.812848e-03,2.052882e-03
C,53.5344,30,3.6,6.547378e-02,4.172300e-02,-5.226305e-02,1.352356e-05,6.251308e-02,3.085165e-03,2.229739e-03
C,53.5344,30,3.65,7.047049e-02,4.444616e-02,-5.596191e-02,4.186245e-05,6.720994e-02,3.384004e-03,2.421214e-03
C,53.5344,30,3.7,7.572122e-02,4.726993e-02,-5.982345e-02,7.956783e-05,7.220416e-02,3.712117e-03,2.628525e-03
C,53.5344,30,3.75,8.122696e-02,5.019193e-02,-6.384624e-02,1.289259e-04,7.751261e-02,4.072574e-03,2.853004e-03
C,53.5344,30,3.8,8.698743e-02,5.320919e-02,-6.802798e-02,1.927093e-04,8.315318e-02,4.468810e-03,3.096102e-03
C,53.5344,30,3.85,9.300108e-02,5.631814e-02,-7.236546e-02,2.742670e-04,8.914476e-02,4.904664e-03,3.359402e-03
C,53.5344,30,3.9,9.926503e-02,5.951460e-02,-7.685452e-02,3.776337e-04,9.550733e-02,5.384444e-03,3.644635e-03
C,53.5344,30,3.95,1.057750e-01,6.279376e-02,-8.149007e-02,5.076628e-04,1.022619e-01,5.912983e-03,3.953689e-03
C,53.5344,30,4,1.125259e-01,6.615029e-02,-8.626619e-02,6.701771e-04,1.094307e-01,6.495718e-03,4.288636e-03
C,53.5344,30,4.05,1.195113e-01,6.957824e-02,-9.117616e-02,8.721433e-04,1.170370e-01,7.138768e-03,4.651739e-03
C,53.5344,30,4.1,1.267245e-01,7.307123e-02,-9.621268e-02,1.121885e-03,1.251051e-01,7.849036e-03,5.045482e-03
C,53.5344,30,4.15,1.341588e-01,7.662243e-02,-1.013681e-01,1.429319e-03,1.336607e-01,8.634317e-03,5.472589e-03
C,53.5344,30,4.2,1.418086e-01,8.022475e-02,-1.066346e-01,1.806232e-03,1.427298e-01,9.503428e-03,5.936048e-03
C,53.5344,30,4.25,1.496703e-01,8.387097e-02,-1.120051e-01,2.266598e-03,1.523398e-01,1.046636e-02,6.439144e-03
C,53.5344,30,4.3,1.577440e-01,8.755390e-02,-1.174735e-01,2.826925e-03,1.625181e-01,1.153443e-02,6.985492e-03
C,53.5344,30,4.35,1.660361e-01,9.126676e-02,-1.230355e-01,3.506677e-03,1.732923e-01,1.272051e-02,7.579066e-03
C,53.5344,30,4.4,1.745621e-01,9.500342e-02,-1.286904e-01,4.328685e-03,1.846897e-01,1.403922e-02,8.224245e-03
C,53.5344,30,4.45,1.833505e-01,9.875886e-02,-1.344417e-01,5.319616e-03,1.967363e-01,1.550719e-02,8.925860e-03
C,53.5344,30,4.5,1.924486e-01,1.025298e-01,-1.402999e-01,6.510486e-03,2.094556e-01,1.714336e-02,9.689234e-03
C,53.5344,30,4.55,2.019293e-01,1.063152e-01,-1.462844e-01,7.937068e-03,2.228677e-01,1.896931e-02,1.052025e-02
C,53.5344,30,4.6,2.119004e-01,1.101173e-01,-1.524272e-01,9.640350e-03,2.369870e-01,2.100959e-02,1.142539e-02
C,53.5344,30,4.65,2.225168e-01,1.139425e-01,-1.587767e-01,1.166676e-02,2.518199e-01,2.329215e-02,1.241185e-02
C,53.5344,30,4.7,2.339957e-01,1.178028e-01,-1.654031e-01,1.406821e-02,2.673616e-01,2.584879e-02,1.348754e-02
C,53.5344,30,4.75,2.466371e-01,1.217174e-01,-1.724049e-01,1.690169e-02,2.835916e-01,2.871555e-02,1.466126e-02
C,53.5344,30,4.8,2.608487e-01,1.257141e-01,-1.799172e-01,2.022821e-02,3.004685e-01,3.193322e-02,1.594268e-02
C,53.5344,30,4.85,2.771789e-01,1.298326e-01,-1.881218e-01,2.411073e-02,3.179228e-01,3.554770e-02,1.734254e-02
C,53.5344,30,4.9,2.963573e-01,1.341263e-01,-1.972596e-01,2.861056e-02,3.358478e-01,3.961038e-02,1.887269e-02
C,53.5344,30,4.95,3.193450e-01,1.386665e-01,-2.076461e-01,3.378161e-02,3.540888e-01,4.417822e-02,2.054621e-02
C,53.5344,30,5,3.473965e-01,1.435460e-01,-2.196887e-01,3.966141e-02,3.724288e-01,4.931368e-02,2.237751e-02
C,53.5344,30,5.05,3.821339e-01,1.488844e-01,-2.339083e-01,4.625779e-02,3.905717e-01,5.508405e-02,2.438248e-02
C,53.5344,30,5.1,4.256324e-01,1.548333e-01,-2.509623e-01,5.352960e-02,4.081231e-01,6.156018e-02,2.657853e-02
C,53.5344,30,5.15,4.805170e-01,1.615841e-01,-2.716699e-01,6.135955e-02,4.245676e-01,6.881411e-02,2.898471e-02
C,53.5344,30,5.2,5.500633e-01,1.693750e-01,-2.970373e-01,6.951699e-02,4.392453e-01,7.691537e-02,3.162177e-02
C,53.5344,30,5.25,6.382915e-01,1.784993e-01,-3.282760e-01,7.761382e-02,4.513332e-01,8.592572e-02,3.451138e-02
C,53.5344,30,5.3,7.500443e-01,1.893202e-01,-3.668262e-01,8.502253e-02,4.598125e-01,9.589016e-02,3.767912e-02
C,53.5344,30,5.35,8.910009e-01,2.022765e-01,-4.143395e-01,9.082757e-02,4.634841e-01,1.068281e-01,4.115001e-02
C,53.5344,30,5.4,1.067617e+00,2.178979e-01,-4.726592e-01,9.372215e-02,4.609696e-01,1.187193e-01,4.495117e-02
C,53.5344,30,5.45,1.286923e+00,2.368185e-01,-5.437542e-01,9.192566e-02,4.507600e-01,1.314892e-01,4.911077e-02
C,53.5344,30,5.5,1.556149e+00,2.597898e-01,-6.296104e-01,8.311034e-02,4.313059e-01,1.449938e-01,5.365770e-02
C,53.5344,30,5.55,1.882131e+00,2.876951e-01,-7.320741e-01,6.436587e-02,4.011581e-01,1.590069e-01,5.862105e-02
C,53.5344,30,5.6,2.270521e+00,3.215637e-01,-8.526578e-01,3.222881e-02,3.591625e-01,1.732146e-01,6.402955e-02
C,53.5344,30,5.65,2.724851e+00,3.625857e-01,-9.923331e-01,-1.719340e-02,3.046895e-01,1.872205e-01,6.991098e-02
C,53.5344,30,5.7,3.245630e+00,4.121268e-01,-1.151359e+00,-8.798939e-02,2.378673e-01,2.005675e-01,7.629148e-02
C,53.5344,30,5.75,3.829664e+00,4.717448e-01,-1.329203e+00,-1.841103e-01,1.597636e-01,2.127755e-01,8.319481e-02
C,53.5344,30,5.8,4.469860e+00,5.432064e-01,-1.524603e+00,-3.089772e-01,7.245958e-02,2.233915e-01,9.064136e-02
C,53.5344,30,5.85,5.155647e+00,6.284999e-01,-1.735801e+00,-4.651032e-01,-2.102654e-02,2.320442e-01,9.864676e-02
C,53.5344,30,5.9,5.874031e+00,7.298428e-01,-1.960916e+00,-6.538085e-01,-1.169709e-01,2.384898e-01,1.072199e-01
C,53.5344,30,5.95,6.611082e+00,8.496747e-01,-2.198386e+00,-8.750892e-01,-2.112889e-01,2.426388e-01,1.163602e-01
C,53.5344,30,6,7.353519e+00,9.906269e-01,-2.447369e+00,-1.127652e+00,-2.999204e-01,2.445570e-01,1.260540e-01
C,53.5344,30,6.05,8.090050e+00,1.155462e+00,-2.708031e+00,-1.409083e+00,-3.791738e-01,2.444435e-01,1.362703e-01
C,53.5344,30,6.1,8.812247e+00,1.346978e+00,-2.981636e+00,-1.716077e+00,-4.459683e-01,2.425922e-01,1.469568e-01
C,53.5344,30,6.15,9.514849e+00,1.567867e+00,-3.270464e+00,-2.044668e+00,-4.979591e-01,2.393481e-01,1.580355e-01
C,53.5344,30,6.2,1.019560e+01,1.820543e+00,-3.577563e+00,-2.390414e+00,-5.335535e-01,2.350670e-01,1.694003e-01
C,53.5344,30,6.25,1.085477e+01,2.106939e+00,-3.906400e+00,-2.748514e+00,-5.518613e-01,2.300850e-01,1.809152e-01
C,53.5344,30,6.3,1.149450e+01,2.428288e+00,-4.260473e+00,-3.113894e+00,-5.526086e-01,2.246986e-01,1.924165e-01
C,53.5344,30,6.35,1.211822e+01,2.784918e+00,-4.642918e+00,-3.481275e+00,-5.360508e-01,2.191556e-01,2.037164e-01
C,53.5344,30,6.4,1.273005e+01,3.176080e+00,-5.056154e+00,-3.845269e+00,-5.028929e-01,2.136538e-01,2.146109e-01
C,53.5344,30,6.45,1.333439e+01,3.599847e+00,-5.501612e+00,-4.200521e+00,-4.542254e-01,2.083449e-01,2.248900e-01
C,53.5344,30,6.5,1.393560e+01,4.053103e+00,-5.979555e+00,-4.541893e+00,-3.914660e-01,2.033413e-01,2.343499e-01
C,53.5344,30,6.55,1.453780e+01,4.531640e+00,-6.489015e+00,-4.864702e+00,-3.162998e-01,1.987231e-01,2.428070e-01
C,53.5344,30,6.6,1.514476e+01,5.030368e+00,-7.027854e+00,-5.164957e+00,-2.306120e-01,1.945461e-01,2.501095e-01
C,53.5344,30,6.65,1.575985e+01,5.543604e+00,-7.592928e+00,-5.439578e+00,-1.364112e-01,1.908482e-01,2.561485e-01
C,53.5344,30,6.7,1.638600e+01,6.065424e+00,-8.180345e+00,-5.686555e+00,-3.574368e-02,1.876549e-01,2.608634e-01
C,53.5344,30,6.75,1.702577e+01,6.590020e+00,-8.785766e+00,-5.905028e+00,6.939192e-02,1.849836e-01,2.642449e-01
C,53.5344,30,6.8,1.768128e+01,7.112031e+00,-9.404714e+00,-6.095270e+00,1.771226e-01,1.828473e-01,2.663316e-01
C,53.5344,30,6.85,1.835431e+01,7.626798e+00,-1.003286e+01,-6.258595e+00,2.857634e-01,1.812565e-01,2.672044e-01
C,53.5344,30,6.9,1.904628e+01,8.130536e+00,-1.066626e+01,-6.397184e+00,3.938605e-01,1.802212e-01,2.669773e-01
C,53.5344,30,6.95,1.975823e+01,8.620409e+00,-1.130145e+01,-6.513888e+00,5.002105e-01,1.797517e-01,2.657874e-01
C,53.5344,30,7,2.049083e+01,9.094521e+00,-1.193558e+01,-6.611995e+00,6.038575e-01,1.798590e-01,2.637849e-01
C,53.5344,30,7.05,2.124433e+01,9.551841e+00,-1.256638e+01,-6.695026e+00,7.040749e-01,1.805553e-01,2.611241e-01
C,53.5344,30,7.1,2.201849e+01,9.992081e+00,-1.319211e+01,-6.766534e+00,8.003331e-01,1.818530e-01,2.579559e-01
C,53.5344,30,7.15,2.281254e+01,1.041555e+01,-1.381146e+01,-6.829946e+00,8.922609e-01,1.837646e-01,2.544224e-01
C,53.5344,30,7.2,2.362510e+01,1.082302e+01,-1.442342e+01,-6.888433e+00,9.796027e-01,1.863015e-01,2.506531e-01
C,53.5344,30,7.25,2.445408e+01,1.121555e+01,-1.502721e+01,-6.944799e+00,1.062180e+00,1.894726e-01,2.467633e-01
C,53.5344,30,7.3,2.529661e+01,1.159439e+01,-1.562212e+01,-7.001406e+00,1.139858e+00,1.932821e-01,2.428527e-01
C,53.5344,30,7.35,2.614897e+01,1.196087e+01,-1.620741e+01,-7.060097e+00,1.212516e+00,1.977277e-01,2.390064e-01
C,53.5344,30,7.4,2.700660e+01,1.231631e+01,-1.678231e+01,-7.122142e+00,1.280027e+00,2.027973e-01,2.352952e-01
C,53.5344,30,7.45,2.786407e+01,1.266195e+01,-1.734591e+01,-7.188176e+00,1.342255e+00,2.084667e-01,2.317773e-01
C,53.5344,30,7.5,2.871525e+01,1.299889e+01,-1.789720e+01,-7.258162e+00,1.399052e+00,2.146959e-01,2.284994e-01
C,53.5344,30,7.55,2.955347e+01,1.332810e+01,-1.843514e+01,-7.331347e+00,1.450278e+00,2.214269e-01,2.254980e-01
C,53.5344,30,7.6,3.037188e+01,1.365036e+01,-1.895871e+01,-7.406259e+00,1.495822e+00,2.285815e-01,2.228011e-01
C,53.5344,30,7.65,3.116391e+01,1.396626e+01,-1.946707e+01,-7.480733e+00,1.535641e+00,2.360611e-01,2.204295e-01
C,53.5344,30,7.7,3.192385e+01,1.427618e+01,-1.995972e+01,-7.551977e+00,1.569803e+00,2.437482e-01,2.183970e-01
C,53.5344,30,7.75,3.264742e+01,1.458035e+01,-2.043664e+01,-7.616718e+00,1.598527e+00,2.515101e-01,2.167123e-01
C,53.5344,30,7.8,3.333247e+01,1.487877e+01,-2.089842e+01,-7.671396e+00,1.622223e+00,2.592060e-01,2.153790e-01
C,53.5344,30,7.85,3.397942e+01,1.517129e+01,-2.134638e+01,-7.712412e+00,1.641511e+00,2.666955e-01,2.143965e-01
C,53.5344,30,7.9,3.459164e+01,1.545758e+01,-2.178255e+01,-7.736419e+00,1.657230e+00,2.738489e-01,2.137603e-01
C,53.5344,30,7.95,3.517541e+01,1.573719e+01,-2.220958e+01,-7.740605e+00,1.670410e+00,2.805570e-01,2.134623e-01
C,53.5344,30,8,3.573971e+01,1.600951e+01,-2.263062e+01,-7.722936e+00,1.682231e+00,2.867406e-01,2.134909e-01
X,31.8928,0,0.05,4.311556e-12,4.276008e-12,-4.293745e-12,-5.929565e-16,4.414439e-09,5.426882e-09,5.382167e-09
X,31.8928,0,0.1,2.756954e-10,2.740213e-10,-2.748571e-10,-2.794599e-14,2.598913e-08,4.352392e-08,4.326027e-08
X,31.8928,0,0.15,3.137650e-09,3.124215e-09,-3.130925e-09,-2.245199e-13,6.181279e-08,1.475992e-07,1.469707e-07
X,31.8928,0,0.2,1.761468e-08,1.756421e-08,-1.758943e-08,-8.448102e-13,9.802083e-08,3.523483e-07,3.513482e-07
X,31.8928,0,0.25,6.714010e-08,6.701818e-08,-6.707911e-08,-2.044706e-12,1.213149e-07,6.946316e-07,6.933886e-07
X,31.8928,0,0.3,2.003200e-07,2.000945e-07,-2.002072e-07,-3.790349e-12,1.299780e-07,1.214278e-06,1.212940e-06
X,31.8928,0,0.35,5.047385e-07,5.043412e-07,-5.045398e-07,-6.694715e-12,1.443499e-07,1.954924e-06,1.953429e-06
X,31.8928,0,0.4,1.123788e-06,1.122898e-06,-1.123343e-06,-1.504755e-11,2.169572e-07,2.964891e-06,2.962627e-06
X,31.8928,0,0.45,2.276514e-06,2.273935e-06,-2.275224e-06,-4.376689e-11,4.422275e-07,4.298114e-06,4.293464e-06
X,31.8928,0,0.5,4.280443e-06,4.272728e-06,-4.276584e-06,-1.314294e-10,9.659044e-07,6.015137e-06,6.004889e-06
X,31.8928,0,0.55,7.577400e-06,7.556242e-06,-7.566814e-06,-3.619999e-10,1.994167e-06,8.184159e-06,8.162795e-06
X,31.8928,0,0.6,1.276226e-05,1.271001e-05,-1.273611e-05,-8.984443e-10,3.801977e-06,1.088218e-05,1.084100e-05
X,31.8928,0,0.65,2.061468e-05,2.049713e-05,-2.055582e-05,-2.031798e-09,6.742048e-06,1.419621e-05,1.412232e-05
X,31.8928,0,0.7,3.213364e-05,3.188920e-05,-3.201118e-05,-4.249046e-09,1.125381e-05,1.822461e-05,1.809967e-05
X,31.8928,0,0.75,4.857500e-05,4.809890e-05,-4.833636e-05,-8.326826e-09,1.786971e-05,2.307850e-05,2.287733e-05
X,31.8928,0,0.8,7.149184e-05,7.061411e-05,-7.105161e-05,-1.545194e-08,2.722520e-05,2.888333e-05,2.857222e-05
X,31.8928,0,0.85,1.027776e-04,1.012331e-04,-1.020024e-04,-2.737951e-08,4.006576e-05,3.578058e-05,3.531534e-05
X,31.8928,0,0.9,1.447122e-04,1.421009e-04,-1.434006e-04,-4.663059e-08,5.725439e-05,4.392957e-05,4.325330e-05
X,31.8928,0,0.95,2.000107e-04,1.957463e-04,-1.978670e-04,-7.674052e-08,7.977922e-05,5.350953e-05,5.254995e-05
X,31.8928,0,1,2.718751e-04,2.651194e-04,-2.684759e-04,-1.225576e-07,1.087640e-04,6.472172e-05,6.338817e-05
X,31.8928,0,1.05,3.640485e-04,3.536293e-04,-3.588009e-04,-1.906187e-07,1.454681e-04,7.779191e-05,7.597181e-05
X,31.8928,0,1.1,4.808727e-04,4.651823e-04,-4.729622e-04,-2.895733e-07,1.913050e-04,9.297292e-05,9.052770e-05
X,31.8928,0,1.15,6.273480e-04,6.042193e-04,-6.156746e-04,-4.307261e-07,2.478395e-04,1.105475e-04,1.073080e-04
X,31.8928,0,1.2,8.091968e-04,7.757539e-04,-7.922983e-04,-6.286281e-07,3.168013e-04,1.308316e-04,1.265924e-04
X,31.8928,0,1.25,1.032929e-03,9.854097e-04,-1.008889e-03,-9.018018e-07,4.000870e-04,1.541776e-04,1.486909e-04
X,31.8928,0,1.3,1.305913e-03,1.239456e-03,-1.272249e-03,-1.273569e-06,4.997751e-04,1.809779e-04,1.739466e-04
X,31.8928,0,1.35,1.636448e-03,1.544847e-03,-1.589985e-03,-1.772968e-06,6.181271e-04,2.116694e-04,2.027385e-04
X,31.8928,0,1.4,2.033840e-03,1.909255e-03,-1.970559e-03,-2.435876e-06,7.575930e-04,2.467377e-04,2.354849e-04
X,31.8928,0,1.45,2.508488e-03,2.341108e-03,-2.423348e-03,-3.306151e-06,9.208203e-04,2.867216e-04,2.726467e-04
X,31.8928,0,1.5,3.071964e-03,2.849629e-03,-2.958701e-03,-4.437076e-06,1.110659e-03,3.322189e-04,3.147310e-04
X,31.8928,0,1.55,3.737117e-03,3.444867e-03,-3.588006e-03,-5.892845e-06,1.330176e-03,3.838915e-04,3.622952e-04
X,31.8928,0,1.6,4.518161e-03,4.137745e-03,-4.323755e-03,-7.750203e-06,1.582639e-03,4.424719e-04,4.159510e-04
X,31.8928,0,1.65,5.430797e-03,4.940093e-03,-5.179614e-03,-1.010044e-05,1.871540e-03,5.087692e-04,4.763686e-04
X,31.8928,0,1.7,6.492323e-03,5.864696e-03,-6.170504e-03,-1.305148e-05,2.200595e-03,5.836768e-04,5.442814e-04
X,31.8928,0,1.75,7.721778e-03,6.925349e-03,-7.312686e-03,-1.672999e-05,2.573728e-03,6.681794e-04,6.204908e-04
X,31.8928,0,1.8,9.140085e-03,8.136905e-03,-8.623861e-03,-2.128449e-05,2.995100e-03,7.633609e-04,7.058711e-04
X,31.8928,0,1.85,1.077023e-02,9.515346e-03,-1.012328e-02,-2.688778e-05,3.469078e-03,8.704129e-04,8.013745e-04
X,31.8928,0,1.9,1.263743e-02,1.107786e-02,-1.183187e-02,-3.374090e-05,4.000246e-03,9.906437e-04,9.080363e-04
X,31.8928,0,1.95,1.476942e-02,1.284293e-02,-1.377239e-02,-4.207686e-05,4.593391e-03,1.125487e-03,1.026980e-03
X,31.8928,0,2,1.719664e-02,1.483045e-02,-1.596959e-02,-5.216573e-05,5.253489e-03,1.276510e-03,1.159423e-03
X,31.8928,0,2.05,1.995259e-02,1.706183e-02,-1.845044e-02,-6.432124e-05,5.985704e-03,1.445425e-03,1.306680e-03
X,31.8928,0,2.1,2.307418e-02,1.956021e-02,-2.124435e-02,-7.890757e-05,6.795326e-03,1.634098e-03,1.470170e-03
X,31.8928,0,2.15,2.660217e-02,2.235059e-02,-2.438349e-02,-9.635090e-05,7.687793e-03,1.844555e-03,1.651418e-03
X,31.8928,0,2.2,3.058165e-02,2.546011e-02,-2.790311e-02,-1.171520e-04,8.668608e-03,2.078992e-03,1.852061e-03
X,31.8928,0,2.25,3.506267e-02,2.891828e-02,-3.184196e-02,-1.419042e-04,9.743343e-03,2.339782e-03,2.073849e-03
X,31.8928,0,2.3,4.010092e-02,3.275733e-02,-3.624278e-02,-1.713197e-04,1.091753e-02,2.629480e-03,2.318646e-03
X,31.8928,0,2.35,4.575860e-02,3.701261e-02,-4.115287e-02,-2.062587e-04,1.219665e-02,2.950825e-03,2.588431e-03
X,31.8928,0,2.4,5.210544e-02,4.172302e-02,-4.662481e-02,-2.477780e-04,1.358605e-02,3.306741e-03,2.885299e-03
X,31.8928,0,2.45,5.921976e-02,4.693157e-02,-5.271718e-02,-2.971862e-04,1.509078e-02,3.700334e-03,3.211451e-03
X,31.8928,0,2.5,6.718998e-02,5.268595e-02,-5.949555e-02,-3.561252e-04,1.671564e-02,4.134884e-03,3.569193e-03
X,31.8928,0,2.55,7.611609e-02,5.903927e-02,-6.703349e-02,-4.266771e-04,1.846498e-02,4.613829e-03,3.960921e-03
X,31.8928,0,2.6,8.611150e-02,6.605087e-02,-7.541383e-02,-5.114957e-04,2.034261e-02,5.140747e-03,4.389114e-03
X,31.8928,0,2.65,9.730518e-02,7.378722e-02,-8.473006e-02,-6.139865e-04,2.235167e-02,5.719326e-03,4.856313e-03
X,31.8928,0,2.7,1.098439e-01,8.232289e-02,-9.508778e-02,-7.385392e-04,2.449456e-02,6.353329e-03,5.365098e-03
X,31.8928,0,2.75,1.238950e-01,9.174167e-02,-1.066065e-01,-8.908043e-04,2.677279e-02,7.046545e-03,5.918063e-03
X,31.8928,0,2.8,1.396492e-01,1.021378e-01,-1.194215e-01,-1.078058e-03,2.918686e-02,7.802730e-03,6.517786e-03
X,31.8928,0,2.85,1.573235e-01,1.136173e-01,-1.336856e-01,-1.309642e-03,3.173630e-02,8.625540e-03,7.166788e-03
X,31.8928,0,2.9,1.771651e-01,1.262989e-01,-1.495718e-01,-1.597481e-03,3.441944e-02,9.518449e-03,7.867493e-03
X,31.8928,0,2.95,1.994541e-01,1.403161e-01,-1.672745e-01,-1.956723e-03,3.723360e-02,1.048466e-02,8.622175e-03
X,31.8928,0,3,2.245075e-01,1.558178e-01,-1.870127e-01,-2.406443e-03,4.017508e-02,1.152699e-02,9.432915e-03
X,31.8928,0,3.05,2.526822e-01,1.729700e-01,-2.090310e-01,-2.970484e-03,4.323926e-02,1.264780e-02,1.030153e-02
X,31.8928,0,3.1,2.843784e-01,1.919568e-01,-2.336020e-01,-3.678318e-03,4.642090e-02,1.384885e-02,1.122954e-02
X,31.8928,0,3.15,3.200419e-01,2.129814e-01,-2.610277e-01,-4.566025e-03,4.971445e-02,1.513119e-02,1.221807e-02
X,31.8928,0,3.2,3.601662e-01,2.362669e-01,-2.916404e-01,-5.677269e-03,5.311444e-02,1.649510e-02,1.326782e-02
X,31.8928,0,3.25,4.052937e-01,2.620565e-01,-3.258036e-01,-7.064181e-03,5.661600e-02,1.793997e-02,1.437902e-02
X,31.8928,0,3.3,4.560160e-01,2.906137e-01,-3.639110e-01,-8.788308e-03,6.021557e-02,1.946425e-02,1.555135e-02
X,31.8928,0,3.35,5.129723e-01,3.222218e-01,-4.063869e-01,-1.092119e-02,6.391140e-02,2.106542e-02,1.678391e-02
X,31.8928,0,3.4,5.768476e-01,3.571830e-01,-4.536831e-01,-1.354483e-02,6.770436e-02,2.274002e-02,1.807522e-02
X,31.8928,0,3.45,6.483686e-01,3.958167e-01,-5.062776e-01,-1.675189e-02,7.159866e-02,2.448365e-02,1.942320e-02
X,31.8928,0,3.5,7.282991e-01,4.384576e-01,-5.646702e-01,-2.064535e-02,7.560236e-02,2.629111e-02,2.082515e-02
X,31.8928,0,3.55,8.174335e-01,4.854530e-01,-6.293793e-01,-2.533790e-02,7.972795e-02,2.815655e-02,2.227781e-02
X,31.8928,0,3.6,9.165907e-01,5.371598e-01,-7.009367e-01,-3.095078e-02,8.399275e-02,3.007360e-02,2.377742e-02
X,31.8928,0,3.65,1.026606e+00,5.939410e-01,-7.798829e-01,-3.761230e-02,8.841886e-02,3.203565e-02,2.531972e-02
X,31.8928,0,3.7,1.148325e+00,6.561618e-01,-8.667617e-01,-4.545597e-02,9.303330e-02,3.403607e-02,2.690014e-02
X,31.8928,0,3.75,1.282593e+00,7.241858e-01,-9.621151e-01,-5.461836e-02,9.786734e-02,3.606849e-02,2.851381e-02
X,31.8928,0,3.8,1.430255e+00,7.983708e-01,-1.066479e+00,-6.523696e-02,1.029562e-01,3.812701e-02,3.015571e-02
X,31.8928,0,3.85,1.592144e+00,8.790650e-01,-1.180378e+00,-7.744776e-02,1.083382e-01,4.020650e-02,3.182083e-02
X,31.8928,0,3.9,1.769079e+00,9.666038e-01,-1.304322e+00,-9.138347e-02,1.140532e-01,4.230280e-02,3.350424e-02
X,31.8928,0,3.95,1.961867e+00,1.061306e+00,-1.438805e+00,-1.071716e-01,1.201424e-01,4.441288e-02,3.520122e-02
X,31.8928,0,4,2.171296e+00,1.163471e+00,-1.584300e+00,-1.249335e-01,1.266466e-01,4.653496e-02,3.690742e-02
X,31.8928,0,4.05,2.398135e+00,1.273378e+00,-1.741261e+00,-1.447830e-01,1.336052e-01,4.866863e-02,3.861891e-02
X,31.8928,0,4.1,2.643144e+00,1.391283e+00,-1.910120e+00,-1.668270e-01,1.410554e-01,5.081483e-02,4.033228e-02
X,31.8928,0,4.15,2.907065e+00,1.517420e+00,-2.091290e+00,-1.911652e-01,1.490307e-01,5.297585e-02,4.204475e-02
X,31.8928,0,4.2,3.190634e+00,1.651985e+00,-2.285152e+00,-2.178980e-01,1.575571e-01,5.515546e-02,4.375457e-02
X,31.8928,0,4.25,3.494580e+00,1.795187e+00,-2.492097e+00,-2.471017e-01,1.666671e-01,5.735802e-02,4.545942e-02
X,31.8928,0,4.3,3.819629e+00,1.947178e+00,-2.712474e+00,-2.788669e-01,1.763779e-01,5.958950e-02,4.715882e-02
X,31.8928,0,4.35,4.166508e+00,2.108103e+00,-2.946624e+00,-3.132773e-01,1.867050e-01,6.185656e-02,4.885254e-02
X,31.8928,0,4.4,4.535945e+00,2.278083e+00,-3.194873e+00,-3.504162e-01,1.976591e-01,6.416663e-02,5.054098e-02
X,31.8928,0,4.45,4.928675e+00,2.457222e+00,-3.457535e+00,-3.903694e-01,2.092463e-01,6.652772e-02,5.222508e-02
X,31.8928,0,4.5,5.345439e+00,2.645611e+00,-3.734913e+00,-4.332253e-01,2.214677e-01,6.894825e-02,5.390628e-02
X,31.8928,0,4.55,5.786987e+00,2.843320e+00,-4.027300e+00,-4.790781e-01,2.343212e-01,7.143689e-02,5.558642e-02
X,31.8928,0,4.6,6.254073e+00,3.050411e+00,-4.334978e+00,-5.280281e-01,2.478001e-01,7.400249e-02,5.726774e-02
X,31.8928,0,4.65,6.747467e+00,3.266934e+00,-4.658222e+00,-5.801829e-01,2.618950e-01,7.665386e-02,5.895273e-02
X,31.8928,0,4.7,7.267942e+00,3.492927e+00,-4.997302e+00,-6.356585e-01,2.765937e-01,7.939974e-02,6.064410e-02
X,31.8928,0,4.75,7.816282e+00,3.728422e+00,-5.352477e+00,-6.945798e-01,2.918816e-01,8.224866e-02,6.234469e-02
X,31.8928,0,4.8,8.393279e+00,3.973444e+00,-5.724004e+00,-7.570811e-01,3.077421e-01,8.520890e-02,6.405741e-02
X,31.8928,0,4.85,8.999735e+00,4.228013e+00,-6.112132e+00,-8.233066e-01,3.241575e-01,8.828840e-02,6.578519e-02
X,31.8928,0,4.9,9.636461e+00,4.492143e+00,-6.517108e+00,-8.934107e-01,3.411087e-01,9.149473e-02,6.753093e-02
X,31.8928,0,4.95,1.030428e+01,4.765848e+00,-6.939173e+00,-9.675578e-01,3.585759e-01,9.483508e-02,6.929743e-02
X,31.8928,0,5,1.100402e+01,5.049140e+00,-7.378571e+00,-1.045924e+00,3.765390e-01,9.831623e-02,7.108739e-02
X,31.8928,0,5.05,1.173653e+01,5.342028e+00,-7.835538e+00,-1.128695e+00,3.949777e-01,1.019446e-01,7.290336e-02
X,31.8928,0,5.1,1.250267e+01,5.644525e+00,-8.310316e+00,-1.216069e+00,4.138716e-01,1.057261e-01,7.474772e-02
X,31.8928,0,5.15,1.330331e+01,5.956644e+00,-8.803146e+00,-1.308257e+00,4.332006e-01,1.096664e-01,7.662269e-02
X,31.8928,0,5.2,1.413935e+01,6.278401e+00,-9.314270e+00,-1.405483e+00,4.529449e-01,1.137708e-01,7.853029e-02
X,31.8928,0,5.25,1.501170e+01,6.609818e+00,-9.843936e+00,-1.507982e+00,4.730847e-01,1.180443e-01,8.047236e-02
X,31.8928,0,5.3,1.592131e+01,6.950920e+00,-1.039240e+01,-1.616006e+00,4.936012e-01,1.224918e-01,8.245057e-02
X,31.8928,0,5.35,1.686912e+01,7.301737e+00,-1.095991e+01,-1.729822e+00,5.144750e-01,1.271177e-01,8.446644e-02
X,31.8928,0,5.4,1.785612e+01,7.662308e+00,-1.154674e+01,-1.849714e+00,5.356875e-01,1.319266e-01,8.652132e-02
X,31.8928,0,5.45,1.888333e+01,8.032675e+00,-1.215315e+01,-1.975983e+00,5.572203e-01,1.369227e-01,8.861640e-02
X,31.8928,0,5.5,1.995176e+01,8.412891e+00,-1.277941e+01,-2.108948e+00,5.790539e-01,1.421103e-01,9.075280e-02
X,31.8928,0,5.55,2.106247e+01,8.803014e+00,-1.342582e+01,-2.248948e+00,6.011696e-01,1.474938e-01,9.293150e-02
X,31.8928,0,5.6,2.221653e+01,9.203112e+00,-1.409264e+01,-2.396342e+00,6.235473e-01,1.530773e-01,9.515341e-02
X,31.8928,0,5.65,2.341502e+01,9.613255e+00,-1.478017e+01,-2.551510e+00,6.461670e-01,1.588651e-01,9.741938e-02
X,31.8928,0,5.7,2.465904e+01,1.003352e+01,-1.548867e+01,-2.714851e+00,6.690065e-01,1.648617e-01,9.973021e-02
X,31.8928,0,5.75,2.594969e+01,1.046400e+01,-1.621845e+01,-2.886789e+00,6.920435e-01,1.710713e-01,1.020867e-01
X,31.8928,0,5.8,2.728806e+01,1.090478e+01,-1.696976e+01,-3.067764e+00,7.152537e-01,1.774985e-01,1.044895e-01
X,31.8928,0,5.85,2.867525e+01,1.135595e+01,-1.774287e+01,-3.258242e+00,7.386111e-01,1.841478e-01,1.069393e-01
X,31.8928,0,5.9,3.011232e+01,1.181760e+01,-1.853804e+01,-3.458704e+00,7.620884e-01,1.910237e-01,1.094370e-01
X,31.8928,0,5.95,3.160032e+01,1.228983e+01,-1.935548e+01,-3.669654e+00,7.856557e-01,1.981308e-01,1.119833e-01
X,31.8928,0,6,3.314024e+01,1.277273e+01,-2.019542e+01,-3.891610e+00,8.092813e-01,2.054737e-01,1.145788e-01
X,31.8928,0,6.05,3.473307e+01,1.326640e+01,-2.105803e+01,-4.125111e+00,8.329318e-01,2.130568e-01,1.172244e-01
X,31.8928,0,6.1,3.637968e+01,1.377091e+01,-2.194347e+01,-4.370707e+00,8.565711e-01,2.208846e-01,1.199208e-01
X,31.8928,0,6.15,3.805842e+01,1.427355e+01,-2.283480e+01,-4.625837e+00,8.801684e-01,2.289142e-01,1.226543e-01
X,31.8928,0,6.2,3.981161e+01,1.479812e+01,-2.376362e+01,-4.897046e+00,9.036627e-01,2.372343e-01,1.254552e-01
X,31.8928,0,6.25,4.162002e+01,1.533341e+01,-2.471501e+01,-5.181736e+00,9.270261e-01,2.458102e-01,1.283049e-01
X,31.8928,0,6.3,4.348440e+01,1.587950e+01,-2.568899e+01,-5.480729e+00,9.502122e-01,2.546453e-01,1.312078e-01
X,31.8928,0,6.35,4.540513e+01,1.643637e+01,-2.668543e+01,-5.794599e+00,9.731742e-01,2.637429e-01,1.341647e-01
X,31.8928,0,6.4,4.738243e+01,1.700400e+01,-2.770414e+01,-6.123920e+00,9.958634e-01,2.731060e-01,1.371760e-01
X,31.8928,0,6.45,4.941639e+01,1.758232e+01,-2.874483e+01,-6.469262e+00,1.018230e+00,2.827371e-01,1.402426e-01
X,31.8928,0,6.5,5.150692e+01,1.817125e+01,-2.980717e+01,-6.831181e+00,1.040221e+00,2.926386e-01,1.433648e-01
X,31.8928,0,6.55,5.365380e+01,1.877069e+01,-3.089074e+01,-7.210223e+00,1.061784e+00,3.028123e-01,1.465433e-01
X,31.8928,0,6.6,5.585660e+01,1.938049e+01,-3.199502e+01,-7.606915e+00,1.082864e+00,3.132597e-01,1.497785e-01
X,31.8928,0,6.65,5.811470e+01,2.000047e+01,-3.311942e+01,-8.021768e+00,1.103406e+00,3.239817e-01,1.530709e-01
X,31.8928,0,6.7,6.042730e+01,2.063043e+01,-3.426324e+01,-8.455259e+00,1.123351e+00,3.349789e-01,1.564208e-01
X,31.8928,0,6.75,6.279339e+01,2.127012e+01,-3.542573e+01,-8.907844e+00,1.142644e+00,3.462511e-01,1.598285e-01
X,31.8928,0,6.8,6.521173e+01,2.191924e+01,-3.660598e+01,-9.379942e+00,1.161226e+00,3.577980e-01,1.632941e-01
X,31.8928,0,6.85,6.768088e+01,2.257747e+01,-3.780304e+01,-9.871932e+00,1.179038e+00,3.696184e-01,1.668178e-01
X,31.8928,0,6.9,7.019916e+01,2.324445e+01,-3.901582e+01,-1.038415e+01,1.196023e+00,3.817107e-01,1.703995e-01
X,31.8928,0,6.95,7.276467e+01,2.391977e+01,-4.024315e+01,-1.091690e+01,1.212121e+00,3.940729e-01,1.740393e-01
X,31.8928,0,7,7.537527e+01,2.460296e+01,-4.148377e+01,-1.147041e+01,1.227275e+00,4.067022e-01,1.777369e-01
X,31.8928,0,7.05,7.802861e+01,2.529353e+01,-4.273629e+01,-1.204488e+01,1.241427e+00,4.195952e-01,1.814919e-01
X,31.8928,0,7.1,8.072208e+01,2.599095e+01,-4.399925e+01,-1.264042e+01,1.254520e+00,4.327484e-01,1.853041e-01
X,31.8928,0,7.15,8.345285e+01,2.669460e+01,-4.527107e+01,-1.325712e+01,1.266499e+00,4.461571e-01,1.891729e-01
X,31.8928,0,7.2,8.621786e+01,2.740386e+01,-4.655009e+01,-1.389496e+01,1.277309e+00,4.598166e-01,1.930977e-01
X,31.8928,0,7.25,8.901385e+01,2.811806e+01,-4.783456e+01,-1.455388e+01,1.286896e+00,4.737213e-01,1.970776e-01
X,31.8928,0,7.3,9.183731e+01,2.883645e+01,-4.912262e+01,-1.523373e+01,1.295209e+00,4.878652e-01,2.011118e-01
X,31.8928,0,7.35,9.468455e+01,2.955826e+01,-5.041236e+01,-1.593431e+01,1.302199e+00,5.022417e-01,2.051994e-01
X,31.8928,0,7.4,9.755165e+01,3.028267e+01,-5.170175e+01,-1.665532e+01,1.307817e+00,5.168439e-01,2.093391e-01
X,31.8928,0,7.45,1.004345e+02,3.100884e+01,-5.298871e+01,-1.739639e+01,1.312019e+00,5.316642e-01,2.135297e-01
X,31.8928,0,7.5,1.033289e+02,3.173583e+01,-5.427109e+01,-1.815707e+01,1.314761e+00,5.466947e-01,2.177697e-01
X,31.8928,0,7.55,1.062303e+02,3.246270e+01,-5.554665e+01,-1.893683e+01,1.316004e+00,5.619269e-01,2.220578e-01
X,31.8928,0,7.6,1.091341e+02,3.318846e+01,-5.681312e+01,-1.973505e+01,1.315708e+00,5.773520e-01,2.263921e-01
X,31.8928,0,7.65,1.120357e+02,3.391207e+01,-5.806814e+01,-2.055104e+01,1.313841e+00,5.929609e-01,2.307710e-01
X,31.8928,0,7.7,1.149301e+02,3.463247e+01,-5.930935e+01,-2.138401e+01,1.310370e+00,6.087442e-01,2.351925e-01
X,31.8928,0,7.75,1.178123e+02,3.534854e+01,-6.053430e+01,-2.223310e+01,1.305267e+00,6.246919e-01,2.396546e-01
X,31.8928,0,7.8,1.206772e+02,3.605914e+01,-6.174053e+01,-2.309737e+01,1.298507e+00,6.407943e-01,2.441551e-01
X,31.8928,0,7.85,1.235197e+02,3.676308e+01,-6.292555e+01,-2.397580e+01,1.290067e+00,6.570410e-01,2.486919e-01
X,31.8928,0,7.9,1.263345e+02,3.745916e+01,-6.408684e+01,-2.486727e+01,1.279930e+00,6.734218e-01,2.532624e-01
X,31.8928,0,7.95,1.291162e+02,3.814612e+01,-6.522185e+01,-2.577060e+01,1.268081e+00,6.899261e-01,2.578643e-01
X,31.8928,0,8,1.318595e+02,3.882269e+01,-6.632804e+01,-2.668454e+01,1.254507e+00,7.065437e-01,2.624950e-01
X,31.8928,10,0.05,4.305160e-12,4.269682e-12,-4.287384e-12,-4.465328e-16,4.412205e-09,4.093636e-09,4.059928e-09
X,31.8928,10,0.1,2.752721e-10,2.736014e-10,-2.744355e-10,-2.104722e-14,2.597633e-08,3.285335e-08,3.265454e-08
X,31.8928,10,0.15,3.132561e-09,3.119155e-09,-3.125851e-09,-1.691111e-13,6.178385e-08,1.115381e-07,1.110639e-07
X,31.8928,10,0.2,1.758397e-08,1.753361e-08,-1.755877e-08,-6.364258e-13,9.798468e-08,2.666806e-07,2.659255e-07
X,31.8928,10,0.25,6.701247e-08,6.689084e-08,-6.695162e-08,-1.540669e-12,1.212782e-07,5.267958e-07,5.258566e-07
X,31.8928,10,0.3,1.999004e-07,1.996755e-07,-1.997879e-07,-2.856981e-12,1.299422e-07,9.231193e-07,9.221067e-07
X,31.8928,10,0.35,5.035648e-07,5.031687e-07,-5.033667e-07,-5.047938e-12,1.443089e-07,1.490382e-06,1.489249e-06
X,31.8928,10,0.4,1.120874e-06,1.119986e-06,-1.120430e-06,-1.134991e-11,2.169706e-07,2.267633e-06,2.265915e-06
X,31.8928,10,0.45,2.269910e-06,2.267339e-06,-2.268624e-06,-3.302602e-11,4.423197e-07,3.299116e-06,3.295581e-06
X,31.8928,10,0.5,4.266539e-06,4.258851e-06,-4.262693e-06,-9.922565e-11,9.662931e-07,4.635218e-06,4.627411e-06
X,31.8928,10,0.55,7.549840e-06,7.528765e-06,-7.539295e-06,-2.734246e-10,1.995151e-06,6.333485e-06,6.317173e-06
X,31.8928,10,0.6,1.271034e-05,1.265831e-05,-1.268430e-05,-6.790567e-10,3.804506e-06,8.459739e-06,8.428220e-06
X,31.8928,10,0.65,2.052098e-05,2.040399e-05,-2.046241e-05,-1.536463e-09,6.748326e-06,1.108929e-05,1.103257e-05
X,31.8928,10,0.7,3.197080e-05,3.172765e-05,-3.184899e-05,-3.215507e-09,1.126652e-05,1.430826e-05,1.421206e-05
X,31.8928,10,0.75,4.830111e-05,4.782777e-05,-4.806386e-05,-6.305445e-09,1.789494e-05,1.821505e-05,1.805964e-05
X,31.8928,10,0.8,7.104429e-05,7.017215e-05,-7.060687e-05,-1.170891e-08,2.727157e-05,2.292196e-05,2.268074e-05
X,31.8928,10,0.85,1.020649e-04,1.005312e-04,-1.012951e-04,-2.076155e-08,4.014622e-05,2.855693e-05,2.819482e-05
X,31.8928,10,0.9,1.436030e-04,1.410118e-04,-1.423015e-04,-3.538296e-08,5.738857e-05,3.526557e-05,3.473702e-05
X,31.8928,10,0.95,1.983199e-04,1.940915e-04,-1.961943e-04,-5.826566e-08,7.999654e-05,4.321327e-05,4.246000e-05
X,31.8928,10,1,2.693458e-04,2.626525e-04,-2.659780e-04,-9.310576e-08,1.091030e-04,5.258770e-05,5.153594e-05
X,31.8928,10,1.05,3.603288e-04,3.500149e-04,-3.551343e-04,-1.448792e-07,1.459844e-04,6.360142e-05,6.215879e-05
X,31.8928,10,1.1,4.754870e-04,4.599697e-04,-4.676638e-04,-2.201726e-07,1.920725e-04,7.649496e-05,7.454667e-05
X,31.8928,10,1.15,6.196609e-04,5.968106e-04,-6.081281e-04,-3.275727e-07,2.489580e-04,9.154006e-05,8.894454e-05
X,31.8928,10,1.2,7.983678e-04,7.653638e-04,-7.816911e-04,-4.781086e-07,3.184002e-04,1.090435e-04,1.056272e-04
X,31.8928,10,1.25,1.017858e-03,9.710173e-04,-9.941611e-04,-6.857693e-07,4.023391e-04,1.293510e-04,1.249025e-04
X,31.8928,10,1.3,1.285173e-03,1.219748e-03,-1.252032e-03,-9.680841e-07,5.028989e-04,1.528523e-04,1.471149e-04
X,31.8928,10,1.35,1.608202e-03,1.518145e-03,-1.562523e-03,-1.346735e-06,6.224012e-04,1.799856e-04,1.726494e-04
X,31.8928,10,1.4,1.995744e-03,1.873436e-03,-1.933620e-03,-1.848289e-06,7.633690e-04,2.112441e-04,2.019359e-04
X,31.8928,10,1.45,2.457570e-03,2.293506e-03,-2.374117e-03,-2.504891e-06,9.285400e-04,2.471816e-04,2.354541e-04
X,31.8928,10,1.5,3.004488e-03,2.786916e-03,-2.893651e-03,-3.355057e-06,1.120875e-03,2.884203e-04,2.737383e-04
X,31.8928,10,1.55,3.648407e-03,3.362926e-03,-3.502750e-03,-4.444419e-06,1.343558e-03,3.356582e-04,3.173837e-04
X,31.8928,10,1.6,4.402413e-03,4.031509e-03,-4.212868e-03,-5.826458e-06,1.600017e-03,3.896781e-04,3.670521e-04
X,31.8928,10,1.65,5.280841e-03,4.803367e-03,-5.036431e-03,-7.563195e-06,1.893923e-03,4.513574e-04,4.234795e-04
X,31.8928,10,1.7,6.299363e-03,5.689958e-03,-5.986886e-03,-9.725619e-06,2.229198e-03,5.216791e-04,4.874828e-04
X,31.8928,10,1.75,7.475076e-03,6.703514e-03,-7.078756e-03,-1.239415e-05,2.610012e-03,6.017431e-04,5.599684e-04
X,31.8928,10,1.8,8.826614e-03,7.857070e-03,-8.327698e-03,-1.565859e-05,3.040802e-03,6.927803e-04,6.419411e-04
X,31.8928,10,1.85,1.037427e-02,9.164503e-03,-9.750580e-03,-1.961815e-05,3.526260e-03,7.961665e-04,7.345136e-04
X,31.8928,10,1.9,1.214014e-02,1.064058e-02,-1.136558e-02,-2.438062e-05,4.071327e-03,9.134381e-04,8.389164e-04
X,31.8928,10,1.95,1.414832e-02,1.230103e-02,-1.319227e-02,-3.006124e-05,4.681198e-03,1.046310e-03,9.565092e-04
X,31.8928,10,2,1.642509e-02,1.416263e-02,-1.525183e-02,-3.678196e-05,5.361285e-03,1.196694e-03,1.088792e-03
X,31.8928,10,2.05,1.899925e-02,1.624332e-02,-1.756714e-02,-4.466948e-05,6.117233e-03,1.366717e-03,1.237419e-03
X,31.8928,10,2.1,2.190239e-02,1.856235e-02,-2.016310e-02,-5.385408e-05,6.954851e-03,1.558745e-03,1.404207e-03
X,31.8928,10,2.15,2.516941e-02,2.114054e-02,-2.306689e-02,-6.446930e-05,7.880095e-03,1.775403e-03,1.591153e-03
X,31.8928,10,2.2,2.883899e-02,2.400046e-02,-2.630836e-02,-7.665210e-05,8.898986e-03,2.019599e-03,1.800445e-03
X,31.8928,10,2.25,3.295435e-02,2.716685e-02,-2.992054e-02,-9.054964e-05,1.001758e-02,2.294542e-03,2.034473e-03
X,31.8928,10,2.3,3.756406e-02,3.066702e-02,-3.394023e-02,-1.063274e-04,1.124182e-02,2.603771e-03,2.295843e-03
X,31.8928,10,2.35,4.272321e-02,3.453138e-02,-3.840882e-02,-1.241901e-04,1.257745e-02,2.951166e-03,2.587384e-03
X,31.8928,10,2.4,4.849472e-02,3.879416e-02,-4.337323e-02,-1.444176e-04,1.402988e-02,3.340969e-03,2.912161e-03
X,31.8928,10,2.45,5.495108e-02,4.349420e-02,-4.888712e-02,-1.674204e-04,1.560398e-02,3.777793e-03,3.273473e-03
X,31.8928,10,2.5,6.217644e-02,4.867600e-02,-5.501234e-02,-1.938300e-04,1.730388e-02,4.266624e-03,3.674857e-03
X,31.8928,10,2.55,7.026916e-02,5.439093e-02,-6.182079e-02,-2.246319e-04,1.913273e-02,4.812810e-03,4.120082e-03
X,31.8928,10,2.6,7.934488e-02,6.069870e-02,-6.939642e-02,-2.613666e-04,2.109235e-02,5.422039e-03,4.613133e-03
X,31.8928,10,2.65,8.954035e-02,6.766902e-02,-7.783789e-02,-3.064224e-04,2.318307e-02,6.100294e-03,5.158191e-03
X,31.8928,10,2.7,1.010176e-01,7.538365e-02,-8.726146e-02,-3.634182e-04,2.540322e-02,6.853787e-03,5.759594e-03
X,31.8928,10,2.75,1.139691e-01,8.393868e-02,-9.780441e-02,-4.377792e-04,2.774883e-02,7.688856e-03,6.421792e-03
X,31.8928,10,2.8,1.286235e-01,9.344697e-02,-1.096288e-01,-5.374469e-04,3.021340e-02,8.611838e-03,7.149280e-03
X,31.8928,10,2.85,1.452521e-01,1.040411e-01,-1.229258e-01,-6.738685e-04,3.278743e-02,9.628889e-03,7.946513e-03
X,31.8928,10,2.9,1.641754e-01,1.158761e-01,-1.379200e-01,-8.631941e-04,3.545838e-02,1.074577e-02,8.817799e-03
X,31.8928,10,2.95,1.857705e-01,1.291331e-01,-1.548741e-01,-1.127814e-03,3.821055e-02,1.196758e-02,9.767177e-03
X,31.8928,10,3,2.104776e-01,1.440216e-01,-1.740934e-01,-1.498171e-03,4.102524e-02,1.329845e-02,1.079826e-02
X,31.8928,10,3.05,2.388069e-01,1.607833e-01,-1.959300e-01,-2.014848e-03,4.388128e-02,1.474120e-02,1.191409e-02
X,31.8928,10,3.1,2.713431e-01,1.796939e-01,-2.207858e-01,-2.730876e-03,4.675577e-02,1.629698e-02,1.311691e-02
X,31.8928,10,3.15,3.087484e-01,2.010654e-01,-2.491147e-01,-3.714066e-03,4.962537e-02,1.796490e-02,1.440799e-02
X,31.8928,10,3.2,3.517625e-01,2.252471e-01,-2.814226e-01,-5.049301e-03,5.246799e-02,1.974170e-02,1.578746e-02
X,31.8928,10,3.25,4.011991e-01,2.526248e-01,-3.182660e-01,-6.840322e-03,5.526487e-02,2.162149e-02,1.725405e-02
X,31.8928,10,3.3,4.579376e-01,2.836198e-01,-3.602466e-01,-9.210745e-03,5.800301e-02,2.359562e-02,1.880499e-02
X,31.8928,10,3.35,5.229109e-01,3.186843e-01,-4.080046e-01,-1.230414e-02,6.067791e-02,2.565265e-02,2.043585e-02
X,31.8928,10,3.4,5.970880e-01,3.582969e-01,-4.622080e-01,-1.628239e-02,6.329598e-02,2.777856e-02,2.214050e-02
X,31.8928,10,3.45,6.814536e-01,4.029542e-01,-5.235402e-01,-2.132249e-02,6.587669e-02,2.995716e-02,2.391109e-02
X,31.8928,10,3.5,7.769849e-01,4.531622e-01,-5.926853e-01,-2.761156e-02,6.845420e-02,3.217065e-02,2.573817e-02
X,31.8928,10,3.55,8.846279e-01,5.094250e-01,-6.703127e-01,-3.534020e-02,7.107770e-02,3.440046e-02,2.761088e-02
X,31.8928,10,3.6,1.005276e+00,5.722336e-01,-7.570621e-01,-4.469467e-02,7.381074e-02,3.662812e-02,2.951721e-02
X,31.8928,10,3.65,1.139751e+00,6.420538e-01,-8.535301e-01,-5.584864e-02,7.672925e-02,3.883622e-02,3.144442e-02
X,31.8928,10,3.7,1.288792e+00,7.193147e-01,-9.602583e-01,-6.895526e-02,7.991832e-02,4.100936e-02,3.337942e-02
X,31.8928,10,3.75,1.453049e+00,8.043988e-01,-1.077726e+00,-8.414030e-02,8.346813e-02,4.313492e-02,3.530928e-02
X,31.8928,10,3.8,1.633082e+00,8.976339e-01,-1.206348e+00,-1.014977e-01,8.746956e-02,4.520373e-02,3.722170e-02
X,31.8928,10,3.85,1.829372e+00,9.992881e-01,-1.346469e+00,-1.210875e-01,9.200944e-02,4.721040e-02,3.910550e-02
X,31.8928,10,3.9,2.042335e+00,1.109567e+00,-1.498376e+00,-1.429359e-01,9.716647e-02,4.915349e-02,4.095096e-02
X,31.8928,10,3.95,2.272332e+00,1.228614e+00,-1.662296e+00,-1.670397e-01,1.030080e-01,5.103540e-02,4.275021e-02
X,31.8928,10,4,2.519695e+00,1.356515e+00,-1.838409e+00,-1.933703e-01,1.095875e-01,5.286205e-02,4.449742e-02
X,31.8928,10,4.05,2.784736e+00,1.493299e+00,-2.026855e+00,-2.218816e-01,1.169437e-01,5.464244e-02,4.618886e-02
X,31.8928,10,4.1,3.067765e+00,1.638939e+00,-2.227733e+00,-2.525181e-01,1.250964e-01,5.638837e-02,4.782314e-02
X,31.8928,10,4.15,3.369115e+00,1.793405e+00,-2.441152e+00,-2.852184e-01,1.340616e-01,5.811286e-02,4.940048e-02
X,31.8928,10,4.2,3.689127e+00,1.956603e+00,-2.667178e+00,-3.199284e-01,1.438326e-01,5.983091e-02,5.092335e-02
X,31.8928,10,4.25,4.028175e+00,2.128426e+00,-2.905879e+00,-3.566025e-01,1.543952e-01,6.155815e-02,5.239574e-02
X,31.8928,10,4.3,4.386655e+00,2.308754e+00,-3.157319e+00,-3.952092e-01,1.657258e-01,6.331048e-02,5.382296e-02
X,31.8928,10,4.35,4.764993e+00,2.497457e+00,-3.421563e+00,-4.357342e-01,1.777940e-01,6.510370e-02,5.521138e-02
X,31.8928,10,4.4,5.163639e+00,2.694402e+00,-3.698676e+00,-4.781810e-01,1.905648e-01,6.695311e-02,5.656810e-02
X,31.8928,10,4.45,5.583060e+00,2.899453e+00,-3.988725e+00,-5.225717e-01,2.039996e-01,6.887329e-02,5.790069e-02
X,31.8928,10,4.5,6.023739e+00,3.112480e+00,-4.291782e+00,-5.689457e-01,2.180584e-01,7.087781e-02,5.921690e-02
X,31.8928,10,4.55,6.486169e+00,3.333356e+00,-4.607918e+00,-6.173587e-01,2.327004e-01,7.297916e-02,6.052442e-02
X,31.8928,10,4.6,6.970852e+00,3.561960e+00,-4.937208e+00,-6.678795e-01,2.478859e-01,7.518854e-02,6.183070e-02
X,31.8928,10,4.65,7.478292e+00,3.798178e+00,-5.279727e+00,-7.205891e-01,2.635762e-01,7.751589e-02,6.314281e-02
X,31.8928,10,4.7,8.009006e+00,4.041903e+00,-5.635556e+00,-7.755779e-01,2.797351e-01,7.996983e-02,6.446725e-02
X,31.8928,10,4.75,8.563514e+00,4.293036e+00,-6.004778e+00,-8.329443e-01,2.963293e-01,8.255766e-02,6.580990e-02
X,31.8928,10,4.8,9.142353e+00,4.551487e+00,-6.387486e+00,-8.927933e-01,3.133286e-01,8.528547e-02,6.717597e-02
X,31.8928,10,4.85,9.746081e+00,4.817179e+00,-6.783783e+00,-9.552367e-01,3.307063e-01,8.815820e-02,6.856994e-02
X,31.8928,10,4.9,1.037529e+01,5.090045e+00,-7.193788e+00,-1.020393e+00,3.484402e-01,9.117975e-02,6.999557e-02
X,31.8928,10,4.95,1.103060e+01,5.370036e+00,-7.617640e+00,-1.088388e+00,3.665114e-01,9.435319e-02,7.145594e-02
X,31.8928,10,5,1.171271e+01,5.657116e+00,-8.055506e+00,-1.159358e+00,3.849054e-01,9.768088e-02,7.295347e-02
X,31.8928,10,5.05,1.242235e+01,5.951272e+00,-8.507583e+00,-1.233452e+00,4.036116e-01,1.011647e-01,7.448997e-02
X,31.8928,10,5.1,1.316034e+01,6.252513e+00,-8.974102e+00,-1.310833e+00,4.226226e-01,1.048061e-01,7.606676e-02
X,31.8928,10,5.15,1.392758e+01,6.560873e+00,-9.455338e+00,-1.391684e+00,4.419342e-01,1.086067e-01,7.768470e-02
X,31.8928,10,5.2,1.472506e+01,6.876413e+00,-9.951606e+00,-1.476210e+00,4.615444e-01,1.125678e-01,7.934431e-02
X,31.8928,10,5.25,1.555384e+01,7.199223e+00,-1.046327e+01,-1.564640e+00,4.814532e-01,1.166913e-01,8.104586e-02
X,31.8928,10,5.3,1.641511e+01,7.529423e+00,-1.099073e+01,-1.657230e+00,5.016613e-01,1.209794e-01,8.278943e-02
X,31.8928,10,5.35,1.731011e+01,7.867163e+00,-1.153443e+01,-1.754269e+00,5.221692e-01,1.254344e-01,8.457504e-02
X,31.8928,10,5.4,1.824020e+01,8.212623e+00,-1.209488e+01,-1.856074e+00,5.429773e-01,1.300597e-01,8.640266e-02
X,31.8928,10,5.45,1.920680e+01,8.566014e+00,-1.267260e+01,-1.962995e+00,5.640839e-01,1.348588e-01,8.827232e-02
X,31.8928,10,5.5,2.021140e+01,8.927569e+00,-1.326816e+01,-2.075417e+00,5.854851e-01,1.398361e-01,9.018417e-02
X,31.8928,10,5.55,2.125557e+01,9.297553e+00,-1.388215e+01,-2.193751e+00,6.071745e-01,1.449963e-01,9.213848e-02
X,31.8928,10,5.6,2.234090e+01,9.676245e+00,-1.451518e+01,-2.318446e+00,6.291427e-01,1.503447e-01,9.413567e-02
X,31.8928,10,5.65,2.346904e+01,1.006395e+01,-1.516789e+01,-2.449975e+00,6.513760e-01,1.558871e-01,9.617637e-02
X,31.8928,10,5.7,2.464165e+01,1.046098e+01,-1.584092e+01,-2.588842e+00,6.738575e-01,1.616295e-01,9.826137e-02
X,31.8928,10,5.75,2.586043e+01,1.086765e+01,-1.653491e+01,-2.735576e+00,6.965664e-01,1.675781e-01,1.003916e-01
X,31.8928,10,5.8,2.712705e+01,1.128431e+01,-1.725050e+01,-2.890731e+00,7.194780e-01,1.737393e-01,1.025682e-01
X,31.8928,10,5.85,2.844318e+01,1.171128e+01,-1.798831e+01,-3.054882e+00,7.425640e-01,1.801194e-01,1.047924e-01
X,31.8928,10,5.9,2.981044e+01,1.214890e+01,-1.874894e+01,-3.228625e+00,7.657921e-01,1.867248e-01,1.070656e-01
X,31.8928,10,5.95,3.121593e+01,1.258825e+01,-1.952146e+01,-3.409469e+00,7.890873e-01,1.935807e-01,1.094334e-01
X,31.8928,10,6,3.268753e+01,1.304661e+01,-2.032744e+01,-3.603697e+00,8.124802e-01,2.006549e-01,1.118133e-01
X,31.8928,10,6.05,3.421442e+01,1.351633e+01,-2.115755e+01,-3.809309e+00,8.358997e-01,2.079715e-01,1.142470e-01
X,31.8928,10,6.1,3.579795e+01,1.399765e+01,-2.201219e+01,-4.026945e+00,8.593030e-01,2.155354e-01,1.167358e-01
X,31.8928,10,6.15,3.743941e+01,1.449052e+01,-2.289147e+01,-4.257405e+00,8.826190e-01,2.233516e-01,1.192856e-01
X,31.8928,10,6.2,3.913975e+01,1.499564e+01,-2.379608e+01,-4.501069e+00,9.058497e-01,2.314240e-01,1.218896e-01
X,31.8928,10,6.25,4.090000e+01,1.551295e+01,-2.472603e+01,-4.758716e+00,9.289248e-01,2.397562e-01,1.245531e-01
X,31.8928,10,6.3,4.272096e+01,1.604257e+01,-2.568143e+01,-5.031003e+00,9.517958e-01,2.483516e-01,1.272771e-01
X,31.8928,10,6.35,4.460328e+01,1.658457e+01,-2.666229e+01,-5.318578e+00,9.744134e-01,2.572127e-01,1.300629e-01
X,31.8928,10,6.4,4.654739e+01,1.713902e+01,-2.766854e+01,-5.622083e+00,9.967281e-01,2.663418e-01,1.329114e-01
X,31.8928,10,6.45,4.855355e+01,1.770589e+01,-2.869999e+01,-5.942143e+00,1.018690e+00,2.757407e-01,1.358235e-01
X,31.8928,10,6.5,5.062176e+01,1.828514e+01,-2.975634e+01,-6.279369e+00,1.040248e+00,2.854104e-01,1.388000e-01
X,31.8928,10,6.55,5.275184e+01,1.887666e+01,-3.083718e+01,-6.634350e+00,1.061354e+00,2.953519e-01,1.418415e-01
X,31.8928,10,6.6,5.494330e+01,1.948030e+01,-3.194196e+01,-7.007644e+00,1.081956e+00,3.055655e-01,1.449484e-01
X,31.8928,10,6.65,5.719543e+01,2.009584e+01,-3.307003e+01,-7.399782e+00,1.102005e+00,3.160512e-01,1.481213e-01
X,31.8928,10,6.7,5.950725e+01,2.072300e+01,-3.422058e+01,-7.811254e+00,1.121451e+00,3.268085e-01,1.513602e-01
X,31.8928,10,6.75,6.187747e+01,2.136147e+01,-3.539271e+01,-8.242506e+00,1.140244e+00,3.378365e-01,1.546655e-01
X,31.8928,10,6.8,6.430456e+01,2.201085e+01,-3.658535e+01,-8.693937e+00,1.158334e+00,3.491341e-01,1.580370e-01
X,31.8928,10,6.85,6.678667e+01,2.267069e+01,-3.779732e+01,-9.165892e+00,1.175672e+00,3.606996e-01,1.614746e-01
X,31.8928,10,6.9,6.932166e+01,2.334048e+01,-3.902729e+01,-9.658662e+00,1.192208e+00,3.725310e-01,1.649782e-01
X,31.8928,10,6.95,7.190715e+01,2.401966e+01,-4.027384e+01,-1.017247e+01,1.207892e+00,3.846257e-01,1.685473e-01
X,31.8928,10,7,7.454042e+01,2.470759e+01,-4.153539e+01,-1.070748e+01,1.222676e+00,3.969809e-01,1.721814e-01
X,31.8928,10,7.05,7.721849e+01,2.540361e+01,-4.281025e+01,-1.126377e+01,1.236509e+00,4.095932e-01,1.758799e-01
X,31.8928,10,7.1,7.993819e+01,2.610695e+01,-4.409663e+01,-1.184137e+01,1.249344e+00,4.224589e-01,1.796421e-01
X,31.8928,10,7.15,8.269599e+01,2.681684e+01,-4.539262e+01,-1.244021e+01,1.261132e+00,4.355735e-01,1.834670e-01
X,31.8928,10,7.2,8.548818e+01,2.753244e+01,-4.669622e+01,-1.306016e+01,1.271826e+00,4.489324e-01,1.873535e-01
X,31.8928,10,7.25,8.831086e+01,2.825284e+01,-4.800536e+01,-1.370100e+01,1.281381e+00,4.625300e-01,1.913004e-01
X,31.8928,10,7.3,9.115989e+01,2.897712e+01,-4.931786e+01,-1.436245e+01,1.289750e+00,4.763607e-01,1.953064e-01
X,31.8928,10,7.35,9.403097e+01,2.970430e+01,-5.063147e+01,-1.504413e+01,1.296892e+00,4.904180e-01,1.993699e-01
X,31.8928,10,7.4,9.691962e+01,3.043335e+01,-5.194390e+01,-1.574559e+01,1.302765e+00,5.046952e-01,2.034893e-01
X,31.8928,10,7.45,9.982125e+01,3.116324e+01,-5.325281e+01,-1.646632e+01,1.307328e+00,5.191849e-01,2.076626e-01
X,31.8928,10,7.5,1.027312e+02,3.189289e+01,-5.455581e+01,-1.720571e+01,1.310547e+00,5.338794e-01,2.118879e-01
X,31.8928,10,7.55,1.056446e+02,3.262119e+01,-5.585049e+01,-1.796309e+01,1.312385e+00,5.487706e-01,2.161631e-01
X,31.8928,10,7.6,1.085566e+02,3.334701e+01,-5.713439e+01,-1.873773e+01,1.312813e+00,5.638501e-01,2.204857e-01
X,31.8928,10,7.65,1.114624e+02,3.406921e+01,-5.840511e+01,-1.952885e+01,1.311801e+00,5.791091e-01,2.248533e-01
X,31.8928,10,7.7,1.143569e+02,3.478663e+01,-5.966018e+01,-2.033557e+01,1.309325e+00,5.945387e-01,2.292635e-01
X,31.8928,10,7.75,1.172354e+02,3.549809e+01,-6.089718e+01,-2.115697e+01,1.305361e+00,6.101298e-01,2.337134e-01
X,31.8928,10,7.8,1.200928e+02,3.620243e+01,-6.211367e+01,-2.199211e+01,1.299892e+00,6.258734e-01,2.382003e-01
X,31.8928,10,7.85,1.229243e+02,3.689846e+01,-6.330727e+01,-2.283995e+01,1.292900e+00,6.417602e-01,2.427214e-01
X,31.8928,10,7.9,1.257250e+02,3.758500e+01,-6.447561e+01,-2.369945e+01,1.284373e+00,6.577814e-01,2.472736e-01
X,31.8928,10,7.95,1.284902e+02,3.826086e+01,-6.561635e+01,-2.456948e+01,1.274298e+00,6.739278e-01,2.518540e-01
X,31.8928,10,8,1.311109e+02,3.887464e+01,-6.665614e+01,-2.542627e+01,1.263659e+00,6.897032e-01,2.562222e-01
X,31.8928,20,0.05,4.295146e-12,4.259787e-12,-4.277430e-12,-3.446215e-16,4.404286e-09,3.167010e-09,3.140960e-09
X,31.8928,20,0.1,2.746227e-10,2.729576e-10,-2.737889e-10,-1.624414e-14,2.592997e-08,2.542586e-08,2.527219e-08
X,31.8928,20,0.15,3.124994e-09,3.111634e-09,-3.118307e-09,-1.305235e-13,6.167779e-08,8.637333e-08,8.600668e-08
X,31.8928,20,0.2,1.754009e-08,1.748991e-08,-1.751498e-08,-4.912621e-13,9.781727e-08,2.066869e-07,2.061029e-07
X,31.8928,20,0.25,6.683832e-08,6.671712e-08,-6.677769e-08,-1.189336e-12,1.210881e-07,4.087263e-07,4.079994e-07
X,31.8928,20,0.3,1.993553e-07,1.991313e-07,-1.992433e-07,-2.205767e-12,1.297244e-07,7.171640e-07,7.163799e-07
X,31.8928,20,0.35,5.021148e-07,5.017202e-07,-5.019175e-07,-3.897551e-12,1.441038e-07,1.159651e-06,1.158773e-06
X,31.8928,20,0.4,1.117446e-06,1.116562e-06,-1.117004e-06,-8.765497e-12,2.166562e-07,1.767530e-06,1.766198e-06
X,31.8928,20,0.45,2.262501e-06,2.259941e-06,-2.261221e-06,-2.551908e-11,4.417350e-07,2.576598e-06,2.573853e-06
X,31.8928,20,0.5,4.251617e-06,4.243963e-06,-4.247788e-06,-7.668835e-11,9.650667e-07,3.627940e-06,3.621871e-06
X,31.8928,20,0.55,7.521448e-06,7.500472e-06,-7.510953e-06,-2.114068e-10,1.992873e-06,4.968834e-06,4.956135e-06
X,31.8928,20,0.6,1.265881e-05,1.260703e-05,-1.263289e-05,-5.252714e-10,3.800723e-06,6.653742e-06,6.629163e-06
X,31.8928,20,0.65,2.043109e-05,2.031471e-05,-2.037281e-05,-1.189007e-09,6.742636e-06,8.745404e-06,8.701097e-06
X,31.8928,20,0.7,3.181920e-05,3.157740e-05,-3.169807e-05,-2.489491e-09,1.125878e-05,1.131605e-05,1.124076e-05
X,31.8928,20,0.75,4.805286e-05,4.758235e-05,-4.781703e-05,-4.884238e-09,1.788575e-05,1.444873e-05,1.432684e-05
X,31.8928,20,0.8,7.064814e-05,6.978154e-05,-7.021350e-05,-9.074374e-09,2.726361e-05,1.823882e-05,1.804922e-05
X,31.8928,20,0.85,1.014469e-04,9.992369e-05,-1.006824e-04,-1.609829e-08,4.014335e-05,2.279569e-05,2.251036e-05
X,31.8928,20,0.9,1.426585e-04,1.400862e-04,-1.413665e-04,-2.744922e-08,5.739875e-05,2.824453e-05,2.782695e-05
X,31.8928,20,0.95,1.969023e-04,1.927071e-04,-1.947934e-04,-4.522236e-08,8.003164e-05,3.472848e-05,3.413166e-05
X,31.8928,20,1,2.672528e-04,2.606161e-04,-2.639135e-04,-7.229336e-08,1.091838e-04,4.241095e-05,4.157511e-05
X,31.8928,20,1.05,3.572848e-04,3.470646e-04,-3.521375e-04,-1.125336e-07,1.461409e-04,5.147823e-05,5.032805e-05
X,31.8928,20,1.1,4.711196e-04,4.557545e-04,-4.633732e-04,-1.710623e-07,1.923456e-04,6.214250e-05,6.058383e-05
X,31.8928,20,1.15,6.134724e-04,5.908639e-04,-6.020618e-04,-2.545405e-07,2.494084e-04,7.464512e-05,7.256109e-05
X,31.8928,20,1.2,7.896989e-04,7.570723e-04,-7.732130e-04,-3.715075e-07,3.191109e-04,8.926047e-05,8.650687e-05
X,31.8928,20,1.25,1.005842e-03,9.595807e-04,-9.824384e-04,-5.327472e-07,4.034203e-04,1.063001e-04,1.026999e-04
X,31.8928,20,1.3,1.268679e-03,1.204130e-03,-1.235982e-03,-7.517024e-07,5.045042e-04,1.261178e-04,1.214547e-04
X,31.8928,20,1.35,1.585766e-03,1.497014e-03,-1.540749e-03,-1.044893e-06,6.247265e-04,1.491148e-04,1.431253e-04
X,31.8928,20,1.4,1.965480e-03,1.845093e-03,-1.904333e-03,-1.432354e-06,7.666764e-04,1.757462e-04,1.681107e-04
X,31.8928,20,1.45,2.417066e-03,2.255795e-03,-2.335035e-03,-1.938020e-06,9.331667e-04,2.065279e-04,1.968599e-04
X,31.8928,20,1.5,2.950672e-03,2.737120e-03,-2.841885e-03,-2.590087e-06,1.127252e-03,2.420447e-04,2.298778e-04
X,31.8928,20,1.55,3.577391e-03,3.297635e-03,-3.434658e-03,-3.421199e-06,1.352240e-03,2.829595e-04,2.677325e-04
X,31.8928,20,1.6,4.309299e-03,3.946472e-03,-4.123886e-03,-4.468482e-06,1.611701e-03,3.300237e-04,3.110624e-04
X,31.8928,20,1.65,5.159485e-03,4.693306e-03,-4.920862e-03,-5.773234e-06,1.909487e-03,3.840889e-04,3.605850e-04
X,31.8928,20,1.7,6.142092e-03,5.548354e-03,-5.837658e-03,-7.380234e-06,2.249737e-03,4.461204e-04,4.171067e-04
X,31.8928,20,1.75,7.272353e-03,6.522351e-03,-6.887121e-03,-9.336349e-06,2.636891e-03,5.172131e-04,4.815335e-04
X,31.8928,20,1.8,8.566627e-03,7.626535e-03,-8.082886e-03,-1.168834e-05,3.075704e-03,5.986082e-04,5.548829e-04
X,31.8928,20,1.85,1.004245e-02,8.872638e-03,-9.439388e-03,-1.447962e-05,3.571252e-03,6.917137e-04,6.382979e-04
X,31.8928,20,1.9,1.171860e-02,1.027287e-02,-1.097188e-02,-1.774553e-05,4.128952e-03,7.981271e-04,7.330621e-04
X,31.8928,20,1.95,1.361516e-02,1.183995e-02,-1.269648e-02,-2.150686e-05,4.754527e-03,9.196605e-04,8.406166e-04
X,31.8928,20,2,1.575364e-02,1.358708e-02,-1.463020e-02,-2.576118e-05,5.454055e-03,1.058370e-03,9.625792e-04
X,31.8928,20,2.05,1.815714e-02,1.552804e-02,-1.679106e-02,-3.047094e-05,6.233930e-03,1.216590e-03,1.100765e-03
X,31.8928,20,2.1,2.085054e-02,1.767724e-02,-1.919825e-02,-3.555014e-05,7.100846e-03,1.396967e-03,1.257211e-03
X,31.8928,20,2.15,2.386081e-02,2.004988e-02,-2.187228e-02,-4.084533e-05,8.061761e-03,1.602502e-03,1.434198e-03
X,31.8928,20,2.2,2.721746e-02,2.266212e-02,-2.483528e-02,-4.611515e-05,9.123860e-03,1.836600e-03,1.634284e-03
X,31.8928,20,2.25,3.095306e-02,2.553139e-02,-2.811147e-02,-5.100677e-05,1.029447e-02,2.103114e-03,1.860330e-03
X,31.8928,20,2.3,3.510410e-02,2.867678e-02,-3.172768e-02,-5.502926e-05,1.158094e-02,2.406404e-03,2.115533e-03
X,31.8928,20,2.35,3.971205e-02,3.211963e-02,-3.571415e-02,-5.753148e-05,1.299052e-02,2.751393e-03,2.403460e-03
X,31.8928,20,2.4,4.482484e-02,3.588423e-02,-4.010555e-02,-5.768178e-05,1.453014e-02,3.143630e-03,2.728085e-03
X,31.8928,20,2.45,5.049882e-02,3.999881e-02,-4.494248e-02,-5.446869e-05,1.620615e-02,3.589346e-03,3.093818e-03
X,31.8928,20,2.5,5.680133e-02,4.449685e-02,-5.027316e-02,-4.672074e-05,1.802398e-02,4.095517e-03,3.505545e-03
X,31.8928,20,2.55,6.381418e-02,4.941871e-02,-5.615598e-02,-3.318797e-05,1.998770e-02,4.669915e-03,3.968652e-03
X,31.8928,20,2.6,7.163796e-02,5.481373e-02,-6.266243e-02,-1.269231e-05,2.209946e-02,5.321136e-03,4.489048e-03
X,31.8928,20,2.65,8.039777e-02,6.074288e-02,-6.988110e-02,1.559243e-05,2.435874e-02,6.058621e-03,5.073180e-03
X,31.8928,20,2.7,9.025033e-02,6.728193e-02,-7.792245e-02,5.166405e-05,2.676165e-02,6.892626e-03,5.728027e-03
X,31.8928,20,2.75,1.013927e-01,7.452555e-02,-8.692481e-02,9.395895e-05,2.929981e-02,7.834145e-03,6.461073e-03
X,31.8928,20,2.8,1.140735e-01,8.259189e-02,-9.706160e-02,1.381936e-04,3.195941e-02,8.894758e-03,7.280249e-03
X,31.8928,20,2.85,1.286051e-01,9.162840e-02,-1.085498e-01,1.757243e-04,3.471984e-02,1.008638e-02,8.193837e-03
X,31.8928,20,2.9,1.453793e-01,1.018181e-01,-1.216598e-01,1.911335e-04,3.755272e-02,1.142087e-02,9.210321e-03
X,31.8928,20,2.95,1.648830e-01,1.133869e-01,-1.367260e-01,1.590118e-04,4.042073e-02,1.290953e-02,1.033817e-02
X,31.8928,20,3,1.877164e-01,1.266114e-01,-1.541586e-01,3.963449e-05,4.327707e-02,1.456236e-02,1.158556e-02
X,31.8928,20,3.05,2.146096e-01,1.418271e-01,-1.744544e-01,-2.264833e-04,4.606561e-02,1.638713e-02,1.295999e-02
X,31.8928,20,3.1,2.464372e-01,1.594359e-01,-1.982071e-01,-7.250816e-04,4.872198e-02,1.838834e-02,1.446781e-02
X,31.8928,20,3.15,2.842271e-01,1.799134e-01,-2.261139e-01,-1.575435e-03,5.117619e-02,2.056597e-02,1.611367e-02
X,31.8928,20,3.2,3.291606e-01,2.038127e-01,-2.589776e-01,-2.937744e-03,5.335747e-02,2.291413e-02,1.789990e-02
X,31.8928,20,3.25,3.825600e-01,2.317664e-01,-2.977016e-01,-5.019287e-03,5.520075e-02,2.541996e-02,1.982578e-02
X,31.8928,20,3.3,4.458594e-01,2.644826e-01,-3.432751e-01,-8.077996e-03,5.665582e-02,2.806267e-02,2.188691e-02
X,31.8928,20,3.35,5.205577e-01,3.027356e-01,-3.967488e-01,-1.242110e-02,5.769749e-02,3.081321e-02,2.407453e-02
X,31.8928,20,3.4,6.081548e-01,3.473487e-01,-4.591991e-01,-1.839701e-02,5.833637e-02,3.363471e-02,2.637510e-02
X,31.8928,20,3.45,7.100738e-01,3.991702e-01,-5.316840e-01,-2.637912e-02,5.862813e-02,3.648384e-02,2.877005e-02
X,31.8928,20,3.5,8.275800e-01,4.590411e-01,-6.151936e-01,-3.674124e-02,5.867900e-02,3.931314e-02,3.123594e-02
X,31.8928,20,3.55,9.617066e-01,5.277584e-01,-7.106010e-01,-4.982637e-02,5.864593e-02,4.207423e-02,3.374502e-02
X,31.8928,20,3.6,1.113200e+00,6.060350e-01,-8.186197e-01,-6.591317e-02,5.872974e-02,4.472145e-02,3.626620e-02
X,31.8928,20,3.65,1.282493e+00,6.944616e-01,-9.397733e-01,-8.518467e-02,5.916140e-02,4.721548e-02,3.876648e-02
X,31.8928,20,3.7,1.469717e+00,7.934742e-01,-1.074382e+00,-1.077060e-01,6.018342e-02,4.952641e-02,4.121275e-02
X,31.8928,20,3.75,1.674741e+00,9.033317e-01,-1.222567e+00,-1.334152e-01,6.202910e-02,5.163580e-02,4.357357e-02
X,31.8928,20,3.8,1.897243e+00,1.024108e+00,-1.384270e+00,-1.621290e-01,6.490219e-02,5.353751e-02,4.582115e-02
X,31.8928,20,3.85,2.136787e+00,1.155695e+00,-1.559287e+00,-1.935640e-01,6.896204e-02,5.523728e-02,4.793282e-02
X,31.8928,20,3.9,2.392908e+00,1.297824e+00,-1.747307e+00,-2.273674e-01,7.431412e-02,5.675129e-02,4.989228e-02
X,31.8928,20,3.95,2.665182e+00,1.450098e+00,-1.947955e+00,-2.631540e-01,8.100771e-02,5.810404e-02,5.169018e-02
X,31.8928,20,4,2.953277e+00,1.612021e+00,-2.160831e+00,-3.005425e-01,8.904016e-02,5.932595e-02,5.332417e-02
X,31.8928,20,4.05,3.256990e+00,1.783046e+00,-2.385543e+00,-3.391864e-01,9.836490e-02,6.045102e-02,5.479851e-02
X,31.8928,20,4.1,3.576245e+00,1.962587e+00,-2.621715e+00,-3.787939e-01,1.088988e-01,6.151503e-02,5.612308e-02
X,31.8928,20,4.15,3.911125e+00,2.150118e+00,-2.869062e+00,-4.191534e-01,1.205459e-01,6.255267e-02,5.731252e-02
X,31.8928,20,4.2,4.261809e+00,2.345106e+00,-3.127314e+00,-4.601226e-01,1.331896e-01,6.359800e-02,5.838470e-02
X,31.8928,20,4.25,4.628571e+00,2.547078e+00,-3.396267e+00,-5.016351e-01,1.467121e-01,6.468247e-02,5.935969e-02
X,31.8928,20,4.3,5.011749e+00,2.755617e+00,-3.675766e+00,-5.436902e-01,1.609977e-01,6.583468e-02,6.025856e-02
X,31.8928,20,4.35,5.411708e+00,2.970364e+00,-3.965693e+00,-5.863421e-01,1.759370e-01,6.708002e-02,6.110248e-02
X,31.8928,20,4.4,5.828815e+00,3.191009e+00,-4.265954e+00,-6.296849e-01,1.914288e-01,6.844055e-02,6.191187e-02
X,31.8928,20,4.45,6.263410e+00,3.417285e+00,-4.576468e+00,-6.738390e-01,2.073818e-01,6.993493e-02,6.270586e-02
X,31.8928,20,4.5,6.715790e+00,3.648957e+00,-4.897153e+00,-7.189379e-01,2.237139e-01,7.157840e-02,6.350179e-02
X,31.8928,20,4.55,7.186195e+00,3.885811e+00,-5.227916e+00,-7.651154e-01,2.403533e-01,7.338286e-02,6.431502e-02
X,31.8928,20,4.6,7.674806e+00,4.127651e+00,-5.568654e+00,-8.124955e-01,2.572377e-01,7.535690e-02,6.515865e-02
X,31.8928,20,4.65,8.181745e+00,4.374287e+00,-5.919246e+00,-8.611841e-01,2.743144e-01,7.750592e-02,6.604350e-02
X,31.8928,20,4.7,8.707106e+00,4.625532e+00,-6.279564e+00,-9.112653e-01,2.915413e-01,7.983227e-02,6.697809e-02
X,31.8928,20,4.75,9.250962e+00,4.881208e+00,-6.649476e+00,-9.627991e-01,3.088864e-01,8.233552e-02,6.796868e-02
X,31.8928,20,4.8,9.813420e+00,5.141143e+00,-7.028874e+00,-1.015824e+00,3.263297e-01,8.501281e-02,6.901938e-02
X,31.8928,20,4.85,1.039464e+01,5.405179e+00,-7.417674e+00,-1.070364e+00,3.438625e-01,8.785922e-02,7.013232e-02
X,31.8928,20,4.9,1.099490e+01,5.673183e+00,-7.815853e+00,-1.126437e+00,3.614888e-01,9.086845e-02,7.130787e-02
X,31.8928,20,4.95,1.161462e+01,5.945058e+00,-8.223461e+00,-1.184067e+00,3.792233e-01,9.403333e-02,7.254482e-02
X,31.8928,20,5,1.225441e+01,6.220752e+00,-8.640639e+00,-1.243299e+00,3.970923e-01,9.734660e-02,7.384078e-02
X,31.8928,20,5.05,1.291508e+01,6.500269e+00,-9.067639e+00,-1.304213e+00,4.151302e-01,1.008015e-01,7.519239e-02
X,31.8928,20,5.1,1.359768e+01,6.783683e+00,-9.504832e+00,-1.366933e+00,4.333782e-01,1.043925e-01,7.659571e-02
X,31.8928,20,5.15,1.430349e+01,7.071143e+00,-9.952706e+00,-1.431643e+00,4.518808e-01,1.081157e-01,7.804655e-02
X,31.8928,20,5.2,1.503400e+01,7.362875e+00,-1.041188e+01,-1.498591e+00,4.706830e-01,1.119693e-01,7.954078e-02
X,31.8928,20,5.25,1.579090e+01,7.659187e+00,-1.088306e+01,-1.568090e+00,4.898268e-01,1.159538e-01,8.107460e-02
X,31.8928,20,5.3,1.657607e+01,7.960465e+00,-1.136710e+01,-1.640520e+00,5.093488e-01,1.200720e-01,8.264482e-02
X,31.8928,20,5.35,1.739152e+01,8.267165e+00,-1.186489e+01,-1.716319e+00,5.292776e-01,1.243291e-01,8.424902e-02
X,31.8928,20,5.4,1.823935e+01,8.579808e+00,-1.237742e+01,-1.795980e+00,5.496319e-01,1.287322e-01,8.588565e-02
X,31.8928,20,5.45,1.912175e+01,8.898966e+00,-1.290571e+01,-1.880038e+00,5.704200e-01,1.332903e-01,8.755412e-02
X,31.8928,20,5.5,2.004095e+01,9.225253e+00,-1.345085e+01,-1.969062e+00,5.916387e-01,1.380134e-01,8.925478e-02
X,31.8928,20,5.55,2.099921e+01,9.559313e+00,-1.401390e+01,-2.063646e+00,6.132742e-01,1.429128e-01,9.098885e-02
X,31.8928,20,5.6,2.199878e+01,9.901806e+00,-1.459597e+01,-2.164399e+00,6.353020e-01,1.480001e-01,9.275832e-02
X,31.8928,20,5.65,2.304191e+01,1.025340e+01,-1.519814e+01,-2.271942e+00,6.576886e-01,1.532873e-01,9.456589e-02
X,31.8928,20,5.7,2.413083e+01,1.061476e+01,-1.582149e+01,-2.386900e+00,6.803922e-01,1.587857e-01,9.641471e-02
X,31.8928,20,5.75,2.526776e+01,1.098654e+01,-1.646709e+01,-2.509904e+00,7.033640e-01,1.645066e-01,9.830833e-02
X,31.8928,20,5.8,2.645490e+01,1.136939e+01,-1.713595e+01,-2.641587e+00,7.265501e-01,1.704601e-01,1.002505e-01
X,31.8928,20,5.85,2.769441e+01,1.176393e+01,-1.782909e+01,-2.782585e+00,7.498921e-01,1.766557e-01,1.022449e-01
X,31.8928,20,5.9,2.897908e+01,1.216432e+01,-1.853991e+01,-2.930207e+00,7.732074e-01,1.831664e-01,1.043852e-01
X,31.8928,20,5.95,3.032783e+01,1.258287e+01,-1.928307e+01,-3.091191e+00,7.966507e-01,1.898760e-01,1.065071e-01
X,31.8928,20,6,3.173479e+01,1.301428e+01,-2.005273e+01,-3.263287e+00,8.200309e-01,1.968493e-01,1.086947e-01
X,31.8928,20,6.05,3.320217e+01,1.345964e+01,-2.085026e+01,-3.447277e+00,8.433374e-01,2.040891e-01,1.109484e-01
X,31.8928,20,6.1,3.473174e+01,1.391907e+01,-2.167610e+01,-3.643781e+00,8.664850e-01,2.115989e-01,1.132721e-01
X,31.8928,20,6.15,3.632527e+01,1.439298e+01,-2.253091e+01,-3.853495e+00,8.894153e-01,2.193802e-01,1.156682e-01
X,31.8928,20,6.2,3.798442e+01,1.488167e+01,-2.341523e+01,-4.077123e+00,9.120738e-01,2.274335e-01,1.181385e-01
X,31.8928,20,6.25,3.971066e+01,1.538543e+01,-2.432952e+01,-4.315388e+00,9.344087e-01,2.357583e-01,1.206845e-01
X,31.8928,20,6.3,4.150527e+01,1.590445e+01,-2.527408e+01,-4.569015e+00,9.563740e-01,2.443531e-01,1.233073e-01
X,31.8928,20,6.35,4.336930e+01,1.643888e+01,-2.624910e+01,-4.838738e+00,9.779272e-01,2.532159e-01,1.260074e-01
X,31.8928,20,6.4,4.530350e+01,1.698879e+01,-2.725459e+01,-5.125281e+00,9.990307e-01,2.623443e-01,1.287853e-01
X,31.8928,20,6.45,4.730831e+01,1.755415e+01,-2.829042e+01,-5.429358e+00,1.019651e+00,2.717354e-01,1.316410e-01
X,31.8928,20,6.5,4.938382e+01,1.813488e+01,-2.935625e+01,-5.751659e+00,1.039759e+00,2.813864e-01,1.345743e-01
X,31.8928,20,6.55,5.152973e+01,1.873078e+01,-3.045155e+01,-6.092841e+00,1.059327e+00,2.912947e-01,1.375849e-01
X,31.8928,20,6.6,5.374531e+01,1.934157e+01,-3.157560e+01,-6.453513e+00,1.078333e+00,3.014578e-01,1.406722e-01
X,31.8928,20,6.65,5.602945e+01,1.996687e+01,-3.272746e+01,-6.834230e+00,1.096751e+00,3.118735e-01,1.438355e-01
X,31.8928,20,6.7,5.838053e+01,2.060622e+01,-3.390598e+01,-7.235483e+00,1.114560e+00,3.225402e-01,1.470743e-01
X,31.8928,20,6.75,6.079656e+01,2.125903e+01,-3.510981e+01,-7.657683e+00,1.131737e+00,3.334565e-01,1.503878e-01
X,31.8928,20,6.8,6.327505e+01,2.192465e+01,-3.633739e+01,-8.101155e+00,1.148255e+00,3.446215e-01,1.537751e-01
X,31.8928,20,6.85,6.581308e+01,2.260229e+01,-3.758695e+01,-8.566133e+00,1.164088e+00,3.560345e-01,1.572355e-01
X,31.8928,20,6.9,6.840734e+01,2.329111e+01,-3.885656e+01,-9.052757e+00,1.179204e+00,3.676949e-01,1.607682e-01
X,31.8928,20,6.95,7.105412e+01,2.399016e+01,-4.014409e+01,-9.561056e+00,1.193570e+00,3.796021e-01,1.643724e-01
X,31.8928,20,7,7.374935e+01,2.469841e+01,-4.144729e+01,-1.009096e+01,1.207147e+00,3.917553e-01,1.680470e-01
X,31.8928,20,7.05,7.648860e+01,2.541475e+01,-4.276370e+01,-1.064229e+01,1.219895e+00,4.041534e-01,1.717911e-01
X,31.8928,20,7.1,7.926720e+01,2.613801e+01,-4.409081e+01,-1.121477e+01,1.231768e+00,4.167945e-01,1.756034e-01
X,31.8928,20,7.15,8.208015e+01,2.686696e+01,-4.542596e+01,-1.180800e+01,1.242721e+00,4.296763e-01,1.794828e-01
X,31.8928,20,7.2,8.492232e+01,2.760029e+01,-4.676642e+01,-1.242151e+01,1.252704e+00,4.427954e-01,1.834276e-01
X,31.8928,20,7.25,8.778839e+01,2.833669e+01,-4.810940e+01,-1.305472e+01,1.261670e+00,4.561475e-01,1.874361e-01
X,31.8928,20,7.3,9.067294e+01,2.907477e+01,-4.945208e+01,-1.370695e+01,1.269570e+00,4.697272e-01,1.915064e-01
X,31.8928,20,7.35,9.357048e+01,2.981317e+01,-5.079162e+01,-1.437748e+01,1.276358e+00,4.835283e-01,1.956362e-01
X,31.8928,20,7.4,9.647555e+01,3.055048e+01,-5.212520e+01,-1.506548e+01,1.281990e+00,4.975436e-01,1.998228e-01
X,31.8928,20,7.45,9.938272e+01,3.128530e+01,-5.345002e+01,-1.577010e+01,1.286427e+00,5.117646e-01,2.040634e-01
X,31.8928,20,7.5,1.022867e+02,3.201626e+01,-5.476336e+01,-1.649042e+01,1.289633e+00,5.261826e-01,2.083549e-01
X,31.8928,20,7.55,1.051823e+02,3.274201e+01,-5.606258e+01,-1.722552e+01,1.291578e+00,5.407881e-01,2.126939e-01
X,31.8928,20,7.6,1.080646e+02,3.346122e+01,-5.734512e+01,-1.797443e+01,1.292238e+00,5.555709e-01,2.170768e-01
X,31.8928,20,7.65,1.109288e+02,3.417262e+01,-5.860855e+01,-1.873620e+01,1.291595e+00,5.705212e-01,2.214995e-01
X,31.8928,20,7.7,1.136903e+02,3.483706e+01,-5.979779e+01,-1.948950e+01,1.289600e+00,5.854504e-01,2.259304e-01
X,31.8928,20,7.75,1.164942e+02,3.552423e+01,-6.100913e+01,-2.027123e+01,1.286322e+00,6.006751e-01,2.304126e-01
X,31.8928,20,7.8,1.192662e+02,3.619956e+01,-6.219402e+01,-2.106268e+01,1.281718e+00,6.160337e-01,2.349211e-01
X,31.8928,20,7.85,1.220026e+02,3.686197e+01,-6.335048e+01,-2.186297e+01,1.275789e+00,6.315171e-01,2.394514e-01
X,31.8928,20,7.9,1.246999e+02,3.751046e+01,-6.447667e+01,-2.267122e+01,1.268538e+00,6.471169e-01,2.439995e-01
X,31.8928,20,7.95,1.273549e+02,3.814409e+01,-6.557087e+01,-2.348664e+01,1.259972e+00,6.628258e-01,2.485610e-01
X,31.8928,20,8,1.299645e+02,3.876198e+01,-6.663142e+01,-2.430845e+01,1.250095e+00,6.786372e-01,2.531320e-01
X,31.8928,30,0.05,4.282859e-12,4.247649e-12,-4.265218e-12,-2.722426e-16,4.392953e-09,2.508977e-09,2.488368e-09
X,31.8928,30,0.1,2.738327e-10,2.721747e-10,-2.730024e-10,-1.283223e-14,2.586368e-08,2.014464e-08,2.002306e-08
X,31.8928,30,0.15,3.115918e-09,3.102615e-09,-3.109259e-09,-1.031075e-13,6.152188e-08,6.844271e-08,6.815260e-08
X,31.8928,30,0.2,1.748847e-08,1.743849e-08,-1.746346e-08,-3.880672e-13,9.757318e-08,1.638149e-07,1.633527e-07
X,31.8928,30,0.25,6.663815e-08,6.651748e-08,-6.657779e-08,-9.396617e-13,1.207691e-07,3.240390e-07,3.234637e-07
X,31.8928,30,0.3,1.987456e-07,1.985225e-07,-1.986340e-07,-1.742604e-12,1.294218e-07,5.687748e-07,5.681541e-07
X,31.8928,30,0.35,5.005406e-07,5.001478e-07,-5.003441e-07,-3.080405e-12,1.437349e-07,9.201119e-07,9.194167e-07
X,31.8928,30,0.4,1.113842e-06,1.112962e-06,-1.113402e-06,-6.928940e-12,2.161117e-07,1.403157e-06,1.402102e-06
X,31.8928,30,0.45,2.254968e-06,2.252420e-06,-2.253693e-06,-2.016880e-11,4.406685e-07,2.046672e-06,2.044497e-06
X,31.8928,30,0.5,4.236954e-06,4.229337e-06,-4.233144e-06,-6.062977e-11,9.628098e-07,2.883764e-06,2.878952e-06
X,31.8928,30,0.55,7.494493e-06,7.473621e-06,-7.484050e-06,-1.671897e-10,1.988303e-06,3.952643e-06,3.942567e-06
X,31.8928,30,0.6,1.261152e-05,1.256000e-05,-1.258573e-05,-4.154814e-10,3.792367e-06,5.297460e-06,5.277947e-06
X,31.8928,30,0.65,2.035129e-05,2.023552e-05,-2.029332e-05,-9.408436e-10,6.728618e-06,6.969231e-06,6.934027e-06
X,31.8928,30,0.7,3.168890e-05,3.144840e-05,-3.156842e-05,-1.970597e-09,1.123647e-05,9.026858e-06,8.966986e-06
X,31.8928,30,0.75,4.784599e-05,4.737808e-05,-4.761146e-05,-3.867760e-09,1.785225e-05,1.153828e-05,1.144126e-05
X,31.8928,30,0.8,7.032752e-05,6.946594e-05,-6.989540e-05,-7.189393e-09,2.721483e-05,1.458174e-05,1.443065e-05
X,31.8928,30,0.85,1.009604e-04,9.944633e-05,-1.002005e-04,-1.276046e-08,4.007711e-05,1.824723e-05,1.801960e-05
X,31.8928,30,0.9,1.419337e-04,1.393776e-04,-1.406499e-04,-2.176949e-08,5.731206e-05,2.263810e-05,2.230453e-05
X,31.8928,30,0.95,1.958403e-04,1.916727e-04,-1.937452e-04,-3.588429e-08,7.992359e-05,2.787286e-05,2.739543e-05
X,31.8928,30,1,2.657189e-04,2.591281e-04,-2.624027e-04,-5.739806e-08,1.090539e-04,3.408721e-05,3.341757e-05
X,31.8928,30,1.05,3.550980e-04,3.449524e-04,-3.499884e-04,-8.939794e-08,1.459942e-04,4.143642e-05,4.051345e-05
X,31.8928,30,1.1,4.680385e-04,4.527917e-04,-4.603518e-04,-1.359677e-07,1.921922e-04,5.009788e-05,4.884493e-05
X,31.8928,30,1.15,6.091769e-04,5.867529e-04,-5.978595e-04,-2.024228e-07,2.492657e-04,6.027412e-05,5.859576e-05
X,31.8928,30,1.2,7.837675e-04,7.514235e-04,-7.674247e-04,-2.955750e-07,3.190092e-04,7.219620e-05,6.997423e-05
X,31.8928,30,1.25,9.977235e-04,9.518884e-04,-9.745358e-04,-4.240160e-07,4.034060e-04,8.612756e-05,8.321637e-05
X,31.8928,30,1.3,1.257654e-03,1.193740e-03,-1.225280e-03,-5.984341e-07,5.046413e-04,1.023685e-04,9.858940e-05
X,31.8928,30,1.35,1.570904e-03,1.483087e-03,-1.526362e-03,-8.319286e-07,6.251103e-04,1.212611e-04,1.163957e-04
X,31.8928,30,1.4,1.945579e-03,1.826553e-03,-1.885125e-03,-1.140303e-06,7.674369e-04,1.431951e-04,1.369775e-04
X,31.8928,30,1.45,2.390582e-03,2.231273e-03,-2.309550e-03,-1.542294e-06,9.344834e-04,1.686148e-04,1.607215e-04
X,31.8928,30,1.5,2.915627e-03,2.704877e-03,-2.808270e-03,-2.059754e-06,1.129368e-03,1.980263e-04,1.880655e-04
X,31.8928,30,1.55,3.531262e-03,3.255476e-03,-3.390559e-03,-2.717614e-06,1.355475e-03,2.320066e-04,2.195043e-04
X,31.8928,30,1.6,4.248874e-03,3.891629e-03,-4.066320e-03,-3.543583e-06,1.616480e-03,2.712137e-04,2.555976e-04
X,31.8928,30,1.65,5.080692e-03,4.622306e-03,-4.846068e-03,-4.567464e-06,1.916366e-03,3.163985e-04,2.969785e-04
X,31.8928,30,1.7,6.039778e-03,5.456851e-03,-5.740901e-03,-5.819944e-06,2.259433e-03,3.684187e-04,3.443638e-04
X,31.8928,30,1.75,7.140014e-03,6.404920e-03,-6.762460e-03,-7.330472e-06,2.650331e-03,4.282542e-04,3.985647e-04
X,31.8928,30,1.8,8.396075e-03,7.476429e-03,-7.922884e-03,-9.123964e-06,3.094074e-03,4.970259e-04,4.605004e-04
X,31.8928,30,1.85,9.823400e-03,8.681482e-03,-9.234761e-03,-1.121638e-05,3.596071e-03,5.760174e-04,5.312126e-04
X,31.8928,30,1.9,1.143815e-02,1.003030e-02,-1.071106e-02,-1.360752e-05,4.162129e-03,6.666997e-04,6.118827e-04
X,31.8928,30,1.95,1.325718e-02,1.153317e-02,-1.236509e-02,-1.627167e-05,4.798506e-03,7.707606e-04,7.038516e-04
X,31.8928,30,2,1.529800e-02,1.320034e-02,-1.421042e-02,-1.914447e-05,5.511889e-03,8.901388e-04,8.086422e-04
X,31.8928,30,2.05,1.757875e-02,1.504199e-02,-1.626085e-02,-2.210473e-05,6.309446e-03,1.027064e-03,9.279853e-04
X,31.8928,30,2.1,2.011821e-02,1.706818e-02,-1.853039e-02,-2.495135e-05,7.198846e-03,1.184104e-03,1.063849e-03
X,31.8928,30,2.15,2.293586e-02,1.928885e-02,-2.103326e-02,-2.737144e-05,8.188208e-03,1.364216e-03,1.218474e-03
X,31.8928,30,2.2,2.605202e-02,2.171384e-02,-2.378399e-02,-2.889984e-05,9.286163e-03,1.570815e-03,1.394412e-03
X,31.8928,30,2.25,2.948808e-02,2.435303e-02,-2.679754e-02,-2.886851e-05,1.050177e-02,1.807844e-03,1.594570e-03
X,31.8928,30,2.3,3.326693e-02,2.721647e-02,-3.008965e-02,-2.634151e-05,1.184448e-02,2.079861e-03,1.822261e-03
X,31.8928,30,2.35,3.741362e-02,3.031481e-02,-3.367726e-02,-2.003764e-05,1.332407e-02,2.392136e-03,2.081263e-03
X,31.8928,30,2.4,4.195642e-02,3.365973e-02,-3.757928e-02,-8.236584e-06,1.495044e-02,2.750765e-03,2.375885e-03
X,31.8928,30,2.45,4.692830e-02,3.726479e-02,-4.181769e-02,1.132421e-05,1.673338e-02,3.162802e-03,2.711036e-03
X,31.8928,30,2.5,5.236922e-02,4.114644e-02,-4.641909e-02,4.155870e-05,1.868240e-02,3.636399e-03,3.092311e-03
X,31.8928,30,2.55,5.832923e-02,4.532561e-02,-5.141695e-02,8.613652e-05,2.080602e-02,4.180965e-03,3.526073e-03
X,31.8928,30,2.6,6.487303e-02,4.982983e-02,-5.685472e-02,1.495536e-04,2.311125e-02,4.807341e-03,4.019555e-03
X,31.8928,30,2.65,7.208615e-02,5.469603e-02,-6.279008e-02,2.371213e-04,2.560266e-02,5.527974e-03,4.580949e-03
X,31.8928,30,2.7,8.008349e-02,5.997433e-02,-6.930074e-02,3.548034e-04,2.828119e-02,6.357082e-03,5.219511e-03
X,31.8928,30,2.75,8.902083e-02,6.573303e-02,-7.649205e-02,5.087833e-04,3.114246e-02,7.310805e-03,5.945650e-03
X,31.8928,30,2.8,9.911022e-02,7.206507e-02,-8.450717e-02,7.045733e-04,3.417468e-02,8.407286e-03,6.770998e-03
X,31.8928,30,2.85,1.106401e-01,7.909629e-02,-9.354006e-02,9.453906e-04,3.735597e-02,9.666664e-03,7.708454e-03
X,31.8928,30,2.9,1.240009e-01,8.699577e-02,-1.038520e-01,1.229374e-03,4.065111e-02,1.111089e-02,8.772174e-03
X,31.8928,30,2.95,1.397176e-01,9.598871e-02,-1.157921e-01,1.545128e-03,4.400758e-02,1.276329e-02,9.977475e-03
X,31.8928,30,3,1.584882e-01,1.063719e-01,-1.298215e-01,1.864825e-03,4.735150e-02,1.464778e-02,1.134063e-02
X,31.8928,30,3.05,1.812280e-01,1.185321e-01,-1.465417e-01,2.134087e-03,5.058336e-02,1.678752e-02,1.287847e-02
X,31.8928,30,3.1,2.091175e-01,1.329660e-01,-1.667245e-01,2.257669e-03,5.357491e-02,1.920295e-02,1.460781e-02
X,31.8928,30,3.15,2.436465e-01,1.503029e-01,-1.913411e-01,2.080554e-03,5.616838e-02,2.190907e-02,1.654455e-02
X,31.8928,30,3.2,2.866466e-01,1.713256e-01,-2.215860e-01,1.364512e-03,5.818002e-02,2.491181e-02,1.870245e-02
X,31.8928,30,3.25,3.402968e-01,1.969887e-01,-2.588876e-01,-2.378041e-04,5.941032e-02,2.820380e-02,2.109151e-02
X,31.8928,30,3.3,4.070854e-01,2.284291e-01,-3.048962e-01,-3.206915e-03,5.966382e-02,3.175984e-02,2.371601e-02
X,31.8928,30,3.35,4.897101e-01,2.669633e-01,-3.614410e-01,-8.171000e-03,5.877950e-02,3.553296e-02,2.657223e-02
X,31.8928,30,3.4,5.909041e-01,3.140645e-01,-4.304479e-01,-1.589970e-02,5.667089e-02,3.945213e-02,2.964606e-02
X,31.8928,30,3.45,7.131942e-01,3.713143e-01,-5.138176e-01,-2.726569e-02,5.337088e-02,4.342315e-02,3.291083e-02
X,31.8928,30,3.5,8.586158e-01,4.403237e-01,-6.132728e-01,-4.316540e-02,4.907091e-02,4.733372e-02,3.632580e-02
X,31.8928,30,3.55,1.028441e+00,5.226253e-01,-7.301986e-01,-6.440071e-02,4.414133e-02,5.106298e-02,3.983586e-02
X,31.8928,30,3.6,1.222988e+00,6.195433e-01,-8.655018e-01,-9.153853e-02,3.911968e-02,5.449458e-02,4.337291e-02
X,31.8928,30,3.65,1.441571e+00,7.320570e-01,-1.019523e+00,-1.247787e-01,3.466160e-02,5.753067e-02,4.685921e-02
X,31.8928,30,3.7,1.682619e+00,8.606807e-01,-1.192019e+00,-1.638694e-01,3.145982e-02,6.010372e-02,5.021276e-02
X,31.8928,30,3.75,1.943949e+00,1.005385e+00,-1.382217e+00,-2.080999e-01,3.014918e-02,6.218350e-02,5.335397e-02
X,31.8928,30,3.8,2.223106e+00,1.165577e+00,-1.588931e+00,-2.563776e-01,3.122090e-02,6.377772e-02,5.621283e-02
X,31.8928,30,3.85,2.517718e+00,1.340156e+00,-1.810709e+00,-3.073750e-01,3.496753e-02,6.492713e-02,5.873525e-02
X,31.8928,30,3.9,2.825767e+00,1.527621e+00,-2.045990e+00,-3.597066e-01,4.146726e-02,6.569682e-02,6.088752e-02
X,31.8928,30,3.95,3.145761e+00,1.726234e+00,-2.293246e+00,-4.120992e-01,5.060667e-02,6.616633e-02,6.265819e-02
X,31.8928,30,4,3.476791e+00,1.934189e+00,-2.551096e+00,-4.635181e-01,6.212790e-02,6.642056e-02,6.405713e-02
X,31.8928,30,4.05,3.818504e+00,2.149761e+00,-2.818383e+00,-5.132379e-01,7.568633e-02,6.654277e-02,6.511246e-02
X,31.8928,30,4.1,4.170999e+00,2.371409e+00,-3.094194e+00,-5.608523e-01,9.090203e-02,6.661022e-02,6.586586e-02
X,31.8928,30,4.15,4.534765e+00,2.597914e+00,-3.377927e+00,-6.062684e-01,1.074098e-01,6.669037e-02,6.636812e-02
X,31.8928,30,4.2,4.910490e+00,2.828304e+00,-3.669183e+00,-6.496232e-01,1.248752e-01,6.684205e-02,6.667367e-02
X,31.8928,30,4.25,5.298986e+00,3.061903e+00,-3.967771e+00,-6.912377e-01,1.430144e-01,6.711441e-02,6.683719e-02
X,31.8928,30,4.3,5.701077e+00,3.298276e+00,-4.273642e+00,-7.315493e-01,1.615956e-01,6.754804e-02,6.691059e-02
X,31.8928,30,4.35,6.117511e+00,3.537177e+00,-4.586828e+00,-7.710538e-01,1.804339e-01,6.817594e-02,6.694115e-02
X,31.8928,30,4.4,6.548879e+00,3.778483e+00,-4.907379e+00,-8.102575e-01,1.993833e-01,6.902435e-02,6.697051e-02
X,31.8928,30,4.45,6.995561e+00,4.022143e+00,-5.235311e+00,-8.496388e-01,2.183278e-01,7.011346e-02,6.703423e-02
X,31.8928,30,4.5,7.457675e+00,4.268124e+00,-5.570561e+00,-8.896149e-01,2.371728e-01,7.145771e-02,6.716176e-02
X,31.8928,30,4.55,7.935051e+00,4.516369e+00,-5.912948e+00,-9.305173e-01,2.558385e-01,7.306592e-02,6.737674e-02
X,31.8928,30,4.6,8.427224e+00,4.766764e+00,-6.262164e+00,-9.725706e-01,2.742569e-01,7.494113e-02,6.769724e-02
X,31.8928,30,4.65,8.933463e+00,5.019121e+00,-6.617763e+00,-1.015878e+00,2.923706e-01,7.708039e-02,6.813611e-02
X,31.8928,30,4.7,9.452827e+00,5.273168e+00,-6.979186e+00,-1.060412e+00,3.101352e-01,7.947459e-02,6.870126e-02
X,31.8928,30,4.75,9.984256e+00,5.528552e+00,-7.345796e+00,-1.106020e+00,3.275234e-01,8.210852e-02,6.939594e-02
X,31.8928,30,4.8,1.052671e+01,5.784861e+00,-7.716937e+00,-1.152437e+00,3.445313e-01,8.496131e-02,7.021898e-02
X,31.8928,30,4.85,1.107930e+01,6.041648e+00,-8.092007e+00,-1.199316e+00,3.611833e-01,8.800743e-02,7.116509e-02
X,31.8928,30,4.9,1.164149e+01,6.298477e+00,-8.470536e+00,-1.246274e+00,3.775371e-01,9.121826e-02,7.222529e-02
X,31.8928,30,4.95,1.221322e+01,6.554965e+00,-8.852268e+00,-1.292949e+00,3.936850e-01,9.456411e-02,7.338744e-02
X,31.8928,30,5,1.279502e+01,6.810837e+00,-9.237223e+00,-1.339062e+00,4.097502e-01,9.801662e-02,7.463692e-02
X,31.8928,30,5.05,1.338811e+01,7.065973e+00,-9.625747e+00,-1.384482e+00,4.258813e-01,1.015511e-01,7.595756e-02
X,31.8928,30,5.1,1.399436e+01,7.320447e+00,-1.001852e+01,-1.429268e+00,4.422403e-01,1.051489e-01,7.733262e-02
X,31.8928,30,5.15,1.461622e+01,7.574558e+00,-1.041657e+01,-1.473700e+00,4.589900e-01,1.087983e-01,7.874583e-02
X,31.8928,30,5.2,1.525664e+01,7.828834e+00,-1.082119e+01,-1.518284e+00,4.762815e-01,1.124961e-01,8.018246e-02
X,31.8928,30,5.25,1.591888e+01,8.084027e+00,-1.123391e+01,-1.563722e+00,4.942416e-01,1.162468e-01,8.163017e-02
X,31.8928,30,5.3,1.660635e+01,8.341088e+00,-1.165645e+01,-1.610879e+00,5.129647e-01,1.200625e-01,8.307972e-02
X,31.8928,30,5.35,1.732248e+01,8.601122e+00,-1.209058e+01,-1.660722e+00,5.325086e-01,1.239612e-01,8.452534e-02
X,31.8928,30,5.4,1.807060e+01,8.865344e+00,-1.253814e+01,-1.714269e+00,5.528932e-01,1.279656e-01,8.596485e-02
X,31.8928,30,5.45,1.885385e+01,9.135030e+00,-1.300091e+01,-1.772530e+00,5.741032e-01,1.321013e-01,8.739952e-02
X,31.8928,30,5.5,1.967512e+01,9.411469e+00,-1.348060e+01,-1.836470e+00,5.960925e-01,1.363953e-01,8.883365e-02
X,31.8928,30,5.55,2.053710e+01,9.695922e+00,-1.397887e+01,-1.906976e+00,6.187899e-01,1.408748e-01,9.027407e-02
X,31.8928,30,5.6,2.144223e+01,9.989598e+00,-1.449722e+01,-1.984843e+00,6.421044e-01,1.455660e-01,9.172954e-02
X,31.8928,30,5.65,2.239279e+01,1.029363e+01,-1.503709e+01,-2.070770e+00,6.659311e-01,1.504935e-01,9.321006e-02
X,31.8928,30,5.7,2.339094e+01,1.060906e+01,-1.559982e+01,-2.165363e+00,6.901564e-01,1.556793e-01,9.472637e-02
X,31.8928,30,5.75,2.443878e+01,1.093686e+01,-1.618668e+01,-2.269155e+00,7.146603e-01,1.611427e-01,9.628931e-02
X,31.8928,30,5.8,2.553843e+01,1.127792e+01,-1.679889e+01,-2.382616e+00,7.393208e-01,1.669001e-01,9.790947e-02
X,31.8928,30,5.85,2.669206e+01,1.163306e+01,-1.743766e+01,-2.506182e+00,7.640160e-01,1.729644e-01,9.959676e-02
X,31.8928,30,5.9,2.789810e+01,1.199992e+01,-1.810098e+01,-2.637014e+00,7.883757e-01,1.794489e-01,1.014800e-01
X,31.8928,30,5.95,2.916576e+01,1.238487e+01,-1.879578e+01,-2.781498e+00,8.127312e-01,1.861652e-01,1.033444e-01
X,31.8928,30,6,3.049455e+01,1.278596e+01,-1.952064e+01,-2.937301e+00,8.367659e-01,1.932077e-01,1.053015e-01
X,31.8928,30,6.05,3.188722e+01,1.320382e+01,-2.027679e+01,-3.104922e+00,8.603761e-01,2.005757e-01,1.073569e-01
X,31.8928,30,6.1,3.334669e+01,1.363905e+01,-2.106547e+01,-3.284925e+00,8.834668e-01,2.082652e-01,1.095146e-01
X,31.8928,30,6.15,3.487600e+01,1.409224e+01,-2.188792e+01,-3.477951e+00,9.059552e-01,2.162689e-01,1.117775e-01
X,31.8928,30,6.2,3.647822e+01,1.456391e+01,-2.274533e+01,-3.684736e+00,9.277711e-01,2.245769e-01,1.141470e-01
X,31.8928,30,6.25,3.815638e+01,1.505457e+01,-2.363882e+01,-3.906104e+00,9.488601e-01,2.331771e-01,1.166233e-01
X,31.8928,30,6.3,3.991334e+01,1.556463e+01,-2.456935e+01,-4.142963e+00,9.691837e-01,2.420555e-01,1.192056e-01
X,31.8928,30,6.35,4.175167e+01,1.609443e+01,-2.553774e+01,-4.396297e+00,9.887219e-01,2.511970e-01,1.218919e-01
X,31.8928,30,6.4,4.367353e+01,1.664422e+01,-2.654452e+01,-4.667140e+00,1.007473e+00,2.605862e-01,1.246797e-01
X,31.8928,30,6.45,4.568052e+01,1.721411e+01,-2.758997e+01,-4.956553e+00,1.025450e+00,2.702081e-01,1.275657e-01
X,31.8928,30,6.5,4.777353e+01,1.780407e+01,-2.867399e+01,-5.265589e+00,1.042684e+00,2.800490e-01,1.305462e-01
X,31.8928,30,6.55,4.995272e+01,1.841393e+01,-2.979614e+01,-5.595256e+00,1.059218e+00,2.900974e-01,1.336174e-01
X,31.8928,30,6.6,5.221736e+01,1.904333e+01,-3.095554e+01,-5.946484e+00,1.075101e+00,3.003440e-01,1.367755e-01
X,31.8928,30,6.65,5.456582e+01,1.969174e+01,-3.215092e+01,-6.320086e+00,1.090391e+00,3.107831e-01,1.400168e-01
X,31.8928,30,6.7,5.699561e+01,2.035844e+01,-3.338060e+01,-6.716726e+00,1.105142e+00,3.214119e-01,1.433383e-01
X,31.8928,30,6.75,5.950332e+01,2.104254e+01,-3.464249e+01,-7.136901e+00,1.119403e+00,3.322313e-01,1.467371e-01
X,31.8928,30,6.8,6.208472e+01,2.174296e+01,-3.593414e+01,-7.580909e+00,1.133213e+00,3.432448e-01,1.502109e-01
X,31.8928,30,6.85,6.473482e+01,2.245844e+01,-3.725275e+01,-8.048850e+00,1.146598e+00,3.544591e-01,1.537580e-01
X,31.8928,30,6.9,6.744792e+01,2.318756e+01,-3.859521e+01,-8.540616e+00,1.159566e+00,3.658823e-01,1.573772e-01
X,31.8928,30,6.95,7.021774e+01,2.392875e+01,-3.995816e+01,-9.055887e+00,1.172105e+00,3.775240e-01,1.610677e-01
X,31.8928,30,7,7.303746e+01,2.468029e+01,-4.133800e+01,-9.594144e+00,1.184187e+00,3.893941e-01,1.648291e-01
X,31.8928,30,7.05,7.589980e+01,2.544032e+01,-4.273091e+01,-1.015468e+01,1.195760e+00,4.015018e-01,1.686609e-01
X,31.8928,30,7.1,7.879716e+01,2.620688e+01,-4.413295e+01,-1.073658e+01,1.206761e+00,4.138550e-01,1.725630e-01
X,31.8928,30,7.15,8.172165e+01,2.697790e+01,-4.554001e+01,-1.133880e+01,1.217110e+00,4.264594e-01,1.765348e-01
X,31.8928,30,7.2,8.466515e+01,2.775122e+01,-4.694794e+01,-1.196009e+01,1.226717e+00,4.393181e-01,1.805757e-01
X,31.8928,30,7.25,8.761949e+01,2.852462e+01,-4.835252e+01,-1.259911e+01,1.235486e+00,4.524307e-01,1.846845e-01
X,31.8928,30,7.3,9.057645e+01,2.929585e+01,-4.974953e+01,-1.325435e+01,1.243321e+00,4.657938e-01,1.888594e-01
X,31.8928,30,7.35,9.352798e+01,3.006264e+01,-5.113482e+01,-1.392425e+01,1.250129e+00,4.794000e-01,1.930979e-01
X,31.8928,30,7.4,9.646623e+01,3.082273e+01,-5.250437e+01,-1.460714e+01,1.255827e+00,4.932387e-01,1.973969e-01
X,31.8928,30,7.45,9.938374e+01,3.157390e+01,-5.385429e+01,-1.530134e+01,1.260341e+00,5.072962e-01,2.017522e-01
X,31.8928,30,7.5,1.022736e+02,3.231403e+01,-5.518098e+01,-1.600516e+01,1.263616e+00,5.215563e-01,2.061588e-01
X,31.8928,30,7.55,1.051296e+02,3.304109e+01,-5.648109e+01,-1.671694e+01,1.265614e+00,5.360008e-01,2.106111e-01
X,31.8928,30,7.6,1.078835e+02,3.372381e+01,-5.771188e+01,-1.741529e+01,1.266049e+00,5.505833e-01,2.151737e-01
X,31.8928,30,7.65,1.106465e+02,3.441506e+01,-5.894442e+01,-1.813560e+01,1.265419e+00,5.653273e-01,2.196999e-01
X,31.8928,30,7.7,1.133608e+02,3.508773e+01,-6.014196e+01,-1.885929e+01,1.263509e+00,5.801958e-01,2.242499e-01
X,31.8928,30,7.75,1.160232e+02,3.573916e+01,-6.130152e+01,-1.958466e+01,1.260314e+00,5.951709e-01,2.288237e-01
X,31.8928,30,7.8,1.186329e+02,3.637086e+01,-6.242411e+01,-2.031209e+01,1.255960e+00,6.102384e-01,2.333986e-01
X,31.8928,30,7.85,1.211888e+02,3.698090e+01,-6.350776e+01,-2.104050e+01,1.250465e+00,6.253857e-01,2.379735e-01
X,31.8928,30,7.9,1.236911e+02,3.756876e+01,-6.455199e+01,-2.176963e+01,1.243889e+00,6.406040e-01,2.425413e-01
X,31.8928,30,7.95,1.261405e+02,3.813419e+01,-6.555667e+01,-2.249951e+01,1.236291e+00,6.558885e-01,2.470951e-01
X,31.8928,30,8,1.285384e+02,3.867715e+01,-6.652191e+01,-2.323040e+01,1.227721e+00,6.712377e-01,2.516291e-01
